# Blender 4.0.2
# www.blender.org
mtllib camera.mtl
o Camera
v 0.020223 0.018032 0.028707
v 0.020218 0.005988 0.028718
v 0.021866 0.005988 0.029494
v 0.021871 0.018032 0.029483
v 0.044155 0.006116 -0.017856
v 0.042506 0.006116 -0.018632
v 0.041701 0.020859 -0.016921
v 0.043349 0.020859 -0.016145
v -0.054735 0.026636 -0.018835
v -0.050022 0.026341 -0.028846
v -0.051609 0.026341 -0.029593
v -0.056322 0.026636 -0.019582
v -0.056765 0.019270 -0.013945
v -0.056378 0.021955 -0.014767
v -0.055592 0.023566 -0.016436
v -0.049025 0.023450 -0.030389
v -0.054407 0.024103 -0.018954
v -0.049303 0.024121 -0.029797
v -0.049222 0.005887 -0.029970
v -0.057543 0.005884 -0.012293
v 0.023829 0.023376 0.025323
v 0.022181 0.023376 0.024547
v 0.021807 0.020440 0.025342
v 0.023455 0.020440 0.026118
v 0.025037 0.025850 0.022758
v 0.023388 0.025850 0.021983
v 0.026595 0.026636 0.019448
v 0.024946 0.026636 0.018673
v -0.061051 0.000000 -0.009536
v -0.059464 0.000000 -0.008789
v -0.059464 0.005988 -0.008789
v -0.061051 0.005988 -0.009536
v 0.044155 -0.000000 -0.017856
v 0.042506 -0.000000 -0.018632
v -0.039746 0.024839 -0.054796
v -0.038159 0.024839 -0.054049
v -0.037567 0.021095 -0.055308
v -0.039153 0.021095 -0.056055
v -0.041138 0.027717 -0.051838
v -0.039551 0.027717 -0.051091
v -0.042807 0.028627 -0.048293
v -0.041220 0.028627 -0.047546
v 0.040068 0.027632 -0.009174
v 0.038420 0.027632 -0.009950
v 0.033655 0.027341 0.000173
v 0.035303 0.027341 0.000948
v -0.041185 0.024103 -0.047042
v -0.040196 0.023653 -0.049144
v -0.039544 0.022305 -0.050530
v -0.038459 0.005890 -0.052833
v -0.039229 0.020057 -0.051199
v -0.046780 0.005887 -0.035157
v -0.046289 0.024121 -0.036199
v -0.046583 0.023450 -0.035575
v -0.038459 -0.000000 -0.052833
v -0.046780 -0.000000 -0.035157
v -0.048731 0.024122 -0.031013
v -0.046862 0.024122 -0.034983
v -0.048961 0.024781 -0.030522
v -0.047796 0.027103 -0.032998
v -0.048877 0.025787 -0.030702
v -0.048456 0.026774 -0.031595
v -0.047136 0.026774 -0.034401
v -0.046716 0.025787 -0.035294
v -0.046631 0.024781 -0.035474
v -0.050786 0.029008 -0.031343
v -0.049199 0.029008 -0.030596
v -0.048019 0.029648 -0.033103
v -0.049606 0.029648 -0.033850
v 0.034491 0.029008 0.002674
v 0.032843 0.029008 0.001898
v 0.031662 0.029648 0.004405
v 0.033311 0.029648 0.005181
v -0.051645 0.026974 -0.029517
v -0.050059 0.026974 -0.028770
v 0.035351 0.026974 0.000848
v 0.033702 0.026974 0.000072
v 0.035314 0.026341 0.000924
v 0.033666 0.026341 0.000148
v 0.041649 0.024237 0.007089
v 0.041559 0.025295 0.007278
v 0.041320 0.025857 0.007787
v 0.040423 0.025857 0.009692
v 0.040871 0.026081 0.008740
v 0.040184 0.025295 0.010201
v 0.040094 0.024237 0.010391
v 0.039518 0.023122 0.011616
v 0.042225 0.023122 0.005863
v 0.052018 0.005890 -0.010244
v 0.051249 0.020057 -0.008609
v 0.050831 0.019835 -0.007723
v 0.051592 0.005827 -0.009339
v 0.050934 0.022305 -0.007940
v 0.050565 0.021734 -0.007157
v 0.050281 0.023653 -0.006554
v 0.050087 0.022723 -0.006141
v 0.049292 0.024103 -0.004452
v 0.049251 0.023103 -0.004365
v 0.044188 0.024121 0.006390
v 0.044035 0.023122 0.006715
v 0.043846 0.024781 0.007116
v 0.043458 0.024237 0.007941
v 0.043762 0.025787 0.007296
v 0.043369 0.025295 0.008130
v 0.043341 0.026774 0.008189
v 0.043129 0.025857 0.008639
v 0.042681 0.027103 0.009592
v 0.042681 0.026081 0.009592
v 0.042021 0.026774 0.010994
v 0.042233 0.025857 0.010544
v 0.041600 0.025787 0.011887
v 0.041993 0.025295 0.011053
v 0.041516 0.024781 0.012067
v 0.041904 0.024237 0.011242
v 0.041174 0.024121 0.012793
v 0.041327 0.023122 0.012468
v 0.036070 0.024103 0.023635
v 0.036111 0.023103 0.023548
v 0.034885 0.023566 0.026153
v 0.035079 0.022635 0.025742
v 0.034099 0.021955 0.027823
v 0.034466 0.021379 0.027044
v 0.033712 0.019270 0.028645
v 0.034129 0.019040 0.027760
v 0.032935 0.005884 0.030297
v 0.033361 0.005816 0.029392
v 0.032935 0.000000 0.030297
v 0.033361 0.000000 0.029392
v 0.042648 0.005890 -0.014655
v 0.041878 0.020057 -0.013020
v 0.041563 0.022305 -0.012351
v 0.040911 0.023653 -0.010965
v 0.039921 0.024103 -0.008863
v 0.034818 0.024121 0.001979
v 0.034476 0.024781 0.002705
v 0.034391 0.025787 0.002885
v 0.033971 0.026774 0.003778
v 0.033311 0.027103 0.005181
v 0.032650 0.026774 0.006583
v 0.032230 0.025787 0.007477
v 0.032145 0.024781 0.007656
v 0.031804 0.024121 0.008382
v 0.026700 0.024103 0.019225
v 0.025515 0.023566 0.021742
v 0.024729 0.021955 0.023412
v 0.024342 0.019270 0.024234
v 0.023564 0.005884 0.025886
v 0.023564 0.000000 0.025886
v 0.031551 0.005816 0.028540
v 0.032319 0.019040 0.026908
v 0.032656 0.021379 0.026192
v 0.033269 0.022635 0.024890
v 0.034302 0.023103 0.022696
v 0.047441 0.023103 -0.005217
v 0.048277 0.022723 -0.006993
v 0.048756 0.021734 -0.008009
v 0.049022 0.019835 -0.008575
v 0.049783 0.005827 -0.010191
v 0.049783 -0.000000 -0.010191
v 0.051592 -0.000000 -0.009339
v -0.058199 0.005988 -0.010898
v -0.057406 0.019624 -0.012584
v -0.038587 0.020398 -0.052563
v -0.037802 0.005988 -0.054229
v -0.038994 0.023156 -0.051697
v -0.039906 0.025041 -0.049760
v -0.041122 0.025641 -0.047176
v -0.046066 0.025575 -0.036673
v -0.046135 0.026514 -0.036527
v -0.046822 0.028132 -0.035068
v -0.047796 0.028648 -0.032998
v -0.048770 0.028132 -0.030928
v -0.049458 0.026514 -0.029469
v -0.049526 0.025575 -0.029323
v -0.054470 0.025641 -0.018820
v -0.055881 0.024955 -0.015823
v -0.056925 0.022815 -0.013604
v 0.022908 0.005988 0.027281
v 0.031581 0.025575 0.008856
v 0.035041 0.025575 0.001506
v 0.021321 0.020611 0.026373
v 0.022970 0.020611 0.027149
v -0.058815 0.005988 -0.009589
v -0.058069 0.019624 -0.011174
v -0.058815 0.017872 -0.009589
v -0.058629 0.019186 -0.009986
v -0.058199 0.000000 -0.010898
v -0.058815 0.000000 -0.009589
v 0.022177 0.019893 0.028833
v 0.020529 0.019893 0.028057
v -0.004780 0.017970 0.015825
v -0.004788 0.005988 0.015843
v 0.020643 0.005988 0.027814
v 0.020638 0.017876 0.027826
v 0.001809 0.005988 -0.035583
v 0.001025 0.020398 -0.033917
v 0.040872 0.020398 -0.015160
v 0.041656 0.005988 -0.016826
v 0.031307 0.026341 0.009437
v 0.029659 0.026341 0.008661
v -0.017314 0.022815 0.005042
v -0.017795 0.019624 0.006062
v 0.022053 0.019624 0.024819
v 0.022533 0.022815 0.023799
v -0.016270 0.024955 0.002823
v 0.023578 0.024955 0.021580
v -0.014859 0.025641 -0.000174
v 0.024989 0.025641 0.018583
v 0.042819 0.024275 -0.015018
v 0.041170 0.024275 -0.015794
v 0.041584 0.026827 -0.012396
v 0.039936 0.026827 -0.013172
v -0.001511 0.025641 -0.028530
v -0.006455 0.025575 -0.018027
v 0.033392 0.025575 0.000730
v 0.038337 0.025641 -0.009773
v 0.032131 0.029008 0.007688
v 0.030482 0.029008 0.006912
v -0.007211 0.028132 -0.016422
v -0.008185 0.028648 -0.014352
v 0.031662 0.028648 0.004405
v 0.032637 0.028132 0.002335
v 0.031271 0.026974 0.009514
v 0.029623 0.026974 0.008738
v -0.006524 0.026514 -0.017882
v 0.033324 0.026514 0.000875
v -0.018458 0.019624 0.007471
v 0.021390 0.019624 0.026229
v -0.019017 0.019186 0.008659
v 0.020830 0.019186 0.027417
v -0.009915 0.025575 -0.010677
v -0.049749 0.025575 -0.029428
v -0.054693 0.025641 -0.018925
v 0.000617 0.023156 -0.033051
v -0.038809 0.020398 -0.052668
v -0.039217 0.023156 -0.051802
v -0.000295 0.025041 -0.031115
v -0.040128 0.025041 -0.049865
v -0.041345 0.025641 -0.047281
v -0.009159 0.028132 -0.012282
v -0.048019 0.028648 -0.033103
v -0.048993 0.028132 -0.031033
v -0.009846 0.026514 -0.010823
v -0.049680 0.026514 -0.029573
v -0.061045 0.018032 -0.009548
v -0.059458 0.018032 -0.008801
v -0.038337 0.006179 -0.057790
v -0.036750 0.006179 -0.057043
v -0.059087 0.023376 -0.013708
v -0.059461 0.020440 -0.012913
v -0.057874 0.020440 -0.012166
v -0.057500 0.023376 -0.012961
v -0.057880 0.025850 -0.016272
v -0.056293 0.025850 -0.015525
v -0.047625 0.028341 -0.038059
v -0.046038 0.028341 -0.037312
v -0.048426 0.029008 -0.036357
v -0.046839 0.029008 -0.035610
v -0.047566 0.026974 -0.038183
v -0.045979 0.026974 -0.037436
v -0.047602 0.026341 -0.038106
v -0.046015 0.026341 -0.037359
v -0.059947 0.020611 -0.011881
v -0.058360 0.020611 -0.011134
v -0.060739 0.019893 -0.010198
v -0.059153 0.019893 -0.009451
v 0.040028 0.026636 -0.009089
v 0.041392 0.025935 -0.011987
v 0.042466 0.023714 -0.014269
v 0.042935 0.020626 -0.015265
v 0.043730 0.006052 -0.016953
v 0.042648 -0.000000 -0.014655
v 0.043730 -0.000000 -0.016953
v 0.020643 0.000000 0.027814
v 0.020218 0.000000 0.028718
v 0.041287 0.020626 -0.016041
v 0.042081 0.006052 -0.017729
v 0.040464 0.023156 -0.014294
v 0.040818 0.023714 -0.015045
v 0.039553 0.025041 -0.012357
v 0.039744 0.025935 -0.012763
v 0.038379 0.026636 -0.009864
v 0.030688 0.028132 0.006475
v 0.030001 0.026514 0.007934
v 0.029932 0.025575 0.008080
v -0.039612 0.005988 -0.055081
v -0.040396 0.020398 -0.053415
v -0.039981 0.020626 -0.054296
v -0.039187 0.006052 -0.055984
v -0.040804 0.023156 -0.052549
v -0.040450 0.023714 -0.053300
v -0.041715 0.025041 -0.050612
v -0.041524 0.025935 -0.051018
v -0.042932 0.025641 -0.048028
v -0.042889 0.026636 -0.048119
v -0.047876 0.025575 -0.037525
v -0.047944 0.026514 -0.037379
v -0.048631 0.028132 -0.035920
v -0.049606 0.028648 -0.033850
v -0.050580 0.028132 -0.031780
v -0.051267 0.026514 -0.030320
v -0.051336 0.025575 -0.030175
v -0.056280 0.025641 -0.019672
v -0.057690 0.024955 -0.016675
v -0.058735 0.022815 -0.014456
v -0.059215 0.019624 -0.013435
v -0.059879 0.019624 -0.012026
v -0.060438 0.019186 -0.010837
v -0.060625 0.017872 -0.010441
v -0.060625 0.005988 -0.010441
v -0.047045 0.028132 -0.035173
v -0.046357 0.026514 -0.036632
v -0.046289 0.025575 -0.036778
v -0.041302 0.026636 -0.047372
v -0.039938 0.025935 -0.050271
v -0.038863 0.023714 -0.052553
v -0.038395 0.020626 -0.053549
v -0.038025 0.005988 -0.054334
v -0.037600 0.006052 -0.055237
v -0.038025 -0.000000 -0.054334
v -0.037600 -0.000000 -0.055237
v -0.059038 0.005988 -0.009694
v -0.059043 0.017876 -0.009682
v -0.058851 0.019186 -0.010091
v -0.058292 0.019624 -0.011279
v -0.057628 0.019624 -0.012688
v -0.057148 0.022815 -0.013709
v -0.056104 0.024955 -0.015928
v 0.047262 0.014925 -0.004837
v 0.047262 0.005254 -0.004837
v 0.046586 0.017280 -0.003400
v 0.047031 0.016234 -0.004346
v 0.042143 0.017822 0.006038
v 0.046028 0.017822 -0.002215
v 0.039586 0.017822 0.011470
v 0.035396 0.017822 0.020371
v 0.034393 0.016234 0.022502
v 0.034839 0.017280 0.021556
v 0.034162 0.005226 0.022993
v 0.034162 0.014925 0.022993
v 0.031551 0.000000 0.028540
v 0.034162 0.000000 0.022993
v 0.040745 0.014925 -0.007904
v 0.040745 0.005254 -0.007904
v 0.040514 0.016234 -0.007413
v 0.040069 0.017280 -0.006467
v 0.039511 0.017822 -0.005283
v 0.035627 0.017822 0.002971
v 0.033070 0.017822 0.008402
v 0.028880 0.017822 0.017304
v 0.028322 0.017280 0.018488
v 0.027877 0.016234 0.019435
v 0.027646 0.014925 0.019925
v 0.027646 0.005226 0.019925
v 0.039001 0.004721 -0.004198
v 0.039359 0.001655 -0.004958
v 0.038318 0.007465 -0.002747
v 0.037355 0.009700 -0.000702
v 0.036179 0.011274 0.001796
v 0.034870 0.012080 0.004578
v 0.033516 0.012063 0.007454
v 0.032210 0.011224 0.010228
v 0.031042 0.009619 0.012710
v 0.030090 0.007360 0.014733
v 0.029419 0.004598 0.016157
v 0.029076 0.001524 0.016886
v 0.039966 0.004721 -0.003744
v 0.040323 0.001655 -0.004504
v 0.039282 0.007465 -0.002293
v 0.038320 0.009700 -0.000248
v 0.037144 0.011274 0.002250
v 0.035835 0.012080 0.005032
v 0.034481 0.012063 0.007908
v 0.033175 0.011224 0.010682
v 0.032006 0.009619 0.013164
v 0.031054 0.007360 0.015187
v 0.030384 0.004598 0.016611
v 0.030041 0.001524 0.017340
v 0.045432 0.004695 -0.001104
v 0.045788 0.001646 -0.001859
v 0.044911 0.001655 -0.002344
v 0.044553 0.004721 -0.001585
v 0.044753 0.007424 0.000340
v 0.043870 0.007465 -0.000133
v 0.043795 0.009647 0.002373
v 0.042907 0.009700 0.001911
v 0.042626 0.011213 0.004858
v 0.041731 0.011274 0.004410
v 0.041323 0.012015 0.007625
v 0.040422 0.012080 0.007192
v 0.039977 0.011998 0.010485
v 0.039068 0.012063 0.010067
v 0.038678 0.011163 0.013244
v 0.037762 0.011224 0.012841
v 0.037516 0.009567 0.015713
v 0.036594 0.009619 0.015324
v 0.036569 0.007320 0.017725
v 0.035642 0.007360 0.017346
v 0.035902 0.004573 0.019141
v 0.034971 0.004598 0.018771
v 0.035561 0.001515 0.019867
v 0.034628 0.001524 0.019500
v 0.039809 0.004566 -0.003411
v 0.044396 0.004566 -0.001251
v 0.044742 0.001601 -0.001986
v 0.040154 0.001601 -0.004145
v 0.039148 0.007219 -0.002007
v 0.043735 0.007219 0.000153
v 0.038217 0.009381 -0.000029
v 0.042804 0.009381 0.002130
v 0.037080 0.010904 0.002387
v 0.041667 0.010904 0.004546
v 0.035813 0.011683 0.005077
v 0.040401 0.011683 0.007237
v 0.034504 0.011667 0.007859
v 0.039091 0.011667 0.010018
v 0.033241 0.010855 0.010541
v 0.037829 0.010855 0.012701
v 0.032111 0.009303 0.012943
v 0.036698 0.009303 0.015102
v 0.031190 0.007118 0.014899
v 0.035778 0.007118 0.017058
v 0.030542 0.004447 0.016276
v 0.035129 0.004447 0.018436
v 0.030210 0.001473 0.016981
v 0.034797 0.001473 0.019141
v 0.030041 0.000000 0.017340
v 0.030210 0.000000 0.016981
v 0.044692 0.003964 0.000469
v 0.044992 0.001390 -0.000169
v 0.044118 0.006268 0.001687
v 0.043310 0.008145 0.003404
v 0.042322 0.009467 0.005502
v 0.041223 0.010144 0.007838
v 0.040086 0.010130 0.010253
v 0.038990 0.009425 0.012583
v 0.038008 0.008078 0.014667
v 0.037209 0.006180 0.016366
v 0.036646 0.003861 0.017562
v 0.036358 0.001279 0.018174
v 0.042916 0.003939 -0.000300
v 0.043215 0.001381 -0.000934
v 0.042346 0.006228 0.000911
v 0.041543 0.008093 0.002617
v 0.040562 0.009406 0.004701
v 0.039470 0.010079 0.007022
v 0.038340 0.010064 0.009422
v 0.037251 0.009364 0.011736
v 0.036276 0.008026 0.013807
v 0.035481 0.006140 0.015495
v 0.034922 0.003836 0.016683
v 0.034636 0.001271 0.017291
v 0.036358 0.000000 0.018174
v 0.034636 0.000000 0.017291
v -0.033620 0.005988 0.002271
v -0.033612 0.017970 0.002253
v -0.018001 0.005988 0.018285
v -0.018001 0.017976 0.018285
v -0.019930 0.017976 0.022385
v -0.019930 0.005988 0.022385
v -0.027083 0.017976 0.014010
v -0.027083 0.005988 0.014010
v -0.029013 0.005988 0.018109
v -0.029013 0.017976 0.018109
v -0.027083 0.000000 0.014010
v -0.029013 0.000000 0.018109
v -0.019575 0.017970 0.009844
v -0.020687 0.017972 0.012208
v -0.015049 0.017976 0.014862
v -0.010645 0.017976 0.014048
v -0.026326 0.017976 0.009554
v -0.028505 0.017976 0.005641
v -0.015049 0.005988 0.014862
v -0.026326 0.005988 0.009554
v -0.026326 0.000000 0.009554
v -0.010264 0.017985 0.013238
v -0.019196 0.017970 0.009039
v -0.028124 0.017985 0.004831
v -0.010645 0.005988 0.014048
v -0.028505 0.005988 0.005641
v -0.028505 0.000000 0.005641
v -0.033620 0.000000 0.002271
v -0.023324 0.017976 0.024355
v -0.026018 0.017976 0.023533
v -0.026018 0.005988 0.023533
v -0.023324 0.005988 0.024355
v -0.028369 0.005988 0.021980
v -0.028369 0.017976 0.021980
v -0.021294 0.017976 0.023973
v -0.021294 0.005988 0.023973
v -0.029367 0.005988 0.020172
v -0.029367 0.017976 0.020172
v -0.029367 0.000000 0.020172
v -0.028369 0.000000 0.021980
v -0.024472 0.017976 0.020247
v -0.022542 0.017976 0.016147
v -0.025331 0.017976 0.022073
v -0.039567 0.020859 -0.055176
v -0.038762 0.006116 -0.056887
v -0.040098 0.024275 -0.054049
v -0.041332 0.026827 -0.051426
v -0.042849 0.027632 -0.048205
v -0.047613 0.027341 -0.038082
v -0.046027 0.027341 -0.037335
v 0.042081 -0.000000 -0.017729
v -0.037175 -0.000000 -0.056140
v -0.037175 0.006116 -0.056140
v -0.037980 0.020859 -0.054429
v -0.038511 0.024275 -0.053302
v -0.039858 0.026527 -0.050440
v 0.039824 0.026527 -0.012933
v 0.041058 0.023974 -0.015555
v -0.038623 0.023974 -0.053062
v -0.039745 0.026827 -0.050679
v -0.041262 0.027632 -0.047458
v 0.056823 0.026636 -0.001183
v 0.047440 0.026341 0.006632
v 0.059538 0.025935 -0.003445
v 0.061677 0.023714 -0.005226
v 0.062610 0.020626 -0.006004
v 0.064192 0.006052 -0.007321
v 0.064192 -0.000000 -0.007321
v 0.063435 0.020859 -0.006690
v 0.065038 0.006116 -0.008026
v 0.062379 0.024275 -0.005811
v 0.059922 0.026827 -0.003764
v 0.056903 0.027632 -0.001249
v 0.047418 0.027341 0.006651
v 0.052018 -0.000000 -0.010244
v 0.022908 0.000000 0.027281
v 0.021866 0.000000 0.029494
v 0.041656 -0.000000 -0.016826
v 0.001809 -0.000000 -0.035583
v -0.039187 -0.000000 -0.055984
v -0.039612 -0.000000 -0.055081
v 0.047262 -0.000000 -0.004837
v 0.040745 -0.000000 -0.007904
v 0.039359 -0.000000 -0.004958
v 0.034628 0.000000 0.019500
v 0.035561 0.000000 0.019867
v 0.034797 0.000000 0.019141
v 0.040154 -0.000000 -0.004145
v 0.040323 -0.000000 -0.004504
v -0.004788 0.000000 0.015843
v -0.019930 0.000000 0.022385
v -0.018001 0.000000 0.018285
v -0.023324 0.000000 0.024355
v -0.021294 0.000000 0.023973
v -0.038762 -0.000000 -0.056887
v 0.065038 -0.000000 -0.008026
v -0.049222 -0.000000 -0.029970
v -0.057543 0.000000 -0.012293
v -0.037802 -0.000000 -0.054229
v -0.059038 0.000000 -0.009694
v -0.036750 -0.000000 -0.057043
v -0.038337 -0.000000 -0.057790
v 0.044992 -0.000000 -0.000169
v 0.045788 -0.000000 -0.001859
v 0.043215 -0.000000 -0.000934
v -0.015049 0.000000 0.014862
v -0.010645 0.000000 0.014048
v -0.026018 0.000000 0.023533
v -0.060625 0.000000 -0.010441
v 0.042063 0.002583 0.002860
v 0.042258 0.000915 0.002447
v 0.041690 0.004085 0.003654
v 0.041163 0.005308 0.004773
v 0.040519 0.006169 0.006140
v 0.039803 0.006610 0.007663
v 0.039062 0.006601 0.009236
v 0.038347 0.006142 0.010754
v 0.037708 0.005264 0.012113
v 0.037187 0.004027 0.013219
v 0.036820 0.002516 0.013999
v 0.036631 0.000824 0.014400
v 0.036631 0.000000 0.014400
v 0.039858 -0.000000 0.008623
v 0.027646 0.000000 0.019925
v 0.029076 0.000000 0.016886
v 0.044911 -0.000000 -0.002344
v 0.044742 -0.000000 -0.001986
v 0.042258 -0.000000 0.002447
v -0.020543 0.020286 0.019167
v -0.020642 0.020286 0.017983
v -0.021141 0.020286 0.016904
v -0.021540 0.020286 0.021285
v -0.021978 0.020286 0.016061
v -0.023053 0.020286 0.015555
v -0.025385 0.020286 0.015751
v -0.024236 0.020286 0.015447
v -0.026361 0.020286 0.016429
v -0.027046 0.020286 0.017400
v -0.027259 0.020286 0.019730
v -0.027358 0.020286 0.018546
v -0.026760 0.020286 0.020809
v -0.025923 0.020286 0.021652
v -0.023665 0.020286 0.022266
v -0.024848 0.020286 0.022159
v -0.022516 0.020286 0.021963
v -0.020855 0.020286 0.020314
v -0.020063 0.020033 0.020687
v -0.019799 0.019276 0.020811
v -0.019381 0.019276 0.019273
v -0.019672 0.020033 0.019247
v -0.019514 0.019276 0.017685
v -0.019796 0.020033 0.017760
v -0.020182 0.019276 0.016239
v -0.020422 0.020033 0.016405
v -0.021305 0.019276 0.015108
v -0.021473 0.020033 0.015346
v -0.022747 0.019276 0.014429
v -0.022823 0.020033 0.014711
v -0.024334 0.019276 0.014285
v -0.024309 0.020033 0.014575
v -0.025874 0.019276 0.014691
v -0.025752 0.020033 0.014956
v -0.027183 0.019276 0.015601
v -0.026977 0.020033 0.015808
v -0.028102 0.019276 0.016903
v -0.027838 0.020033 0.017027
v -0.028520 0.019276 0.018440
v -0.028229 0.020033 0.018467
v -0.028386 0.019276 0.020028
v -0.028104 0.020033 0.019954
v -0.027718 0.019276 0.021475
v -0.027479 0.020033 0.021308
v -0.026596 0.019276 0.022606
v -0.026427 0.020033 0.022367
v -0.025154 0.019276 0.023284
v -0.025077 0.020033 0.023003
v -0.023567 0.019276 0.023429
v -0.023591 0.020033 0.023138
v -0.022026 0.019276 0.023022
v -0.022149 0.020033 0.022757
v -0.020718 0.019276 0.022113
v -0.020923 0.020033 0.021906
v -0.035291 0.001892 0.030368
v -0.033997 0.005448 0.030368
v -0.033997 0.005448 0.026732
v -0.035291 0.001892 0.026732
v -0.031564 0.008347 0.030368
v -0.031564 0.008347 0.026732
v -0.028287 0.010239 0.030368
v -0.028287 0.010239 0.026732
v -0.024560 0.010896 0.030368
v -0.024560 0.010896 0.026732
v -0.020834 0.010239 0.030368
v -0.020834 0.010239 0.026732
v -0.017557 0.008347 0.030368
v -0.017557 0.008347 0.026732
v -0.015124 0.005448 0.030368
v -0.015124 0.005448 0.026732
v -0.013830 0.001892 0.030368
v -0.013830 0.001892 0.026732
v -0.013830 0.000000 0.030368
v -0.013830 0.000000 0.026732
v -0.033323 0.005059 0.026732
v -0.034525 0.001757 0.026732
v -0.031064 0.007751 0.026732
v -0.028021 0.009508 0.026732
v -0.024560 0.010118 0.026732
v -0.021100 0.009508 0.026732
v -0.018057 0.007751 0.026732
v -0.015798 0.005059 0.026732
v -0.014596 0.001757 0.026732
v -0.014596 0.000000 0.026732
v -0.033323 0.005059 0.025857
v -0.034525 0.001757 0.025857
v -0.031064 0.007751 0.025857
v -0.028021 0.009508 0.025857
v -0.018057 0.007751 0.025857
v -0.021100 0.009508 0.025857
v -0.015798 0.005059 0.025857
v -0.014596 0.001757 0.025857
v -0.014596 0.000000 0.025857
v -0.033268 0.001535 0.025859
v -0.032217 0.004421 0.025859
v -0.032217 0.004421 0.022944
v -0.033268 0.001535 0.022944
v -0.030086 0.006930 0.025857
v -0.030086 0.006930 0.022942
v -0.028021 0.009508 0.022942
v -0.031064 0.007751 0.022942
v -0.024560 0.010118 0.025876
v -0.026002 0.009864 0.023930
v -0.021100 0.009508 0.022942
v -0.023119 0.009864 0.023930
v -0.018057 0.007751 0.022942
v -0.019035 0.006930 0.025859
v -0.016903 0.004421 0.025859
v -0.016903 0.004421 0.022944
v -0.019035 0.006930 0.022944
v -0.015853 0.001535 0.025859
v -0.015853 0.001535 0.022944
v -0.015853 0.000000 0.025859
v -0.015853 0.000000 0.022944
v -0.023119 0.000000 0.023930
v -0.026002 0.000000 0.023930
v -0.019035 0.000000 0.022944
v -0.021100 0.000000 0.022942
v -0.028021 0.000000 0.022942
v -0.030086 0.000000 0.022943
v -0.016903 0.000000 0.022944
v -0.019799 0.000000 0.020811
v -0.019381 0.000000 0.019273
v -0.019514 0.000000 0.017685
v -0.020182 0.000000 0.016239
v -0.021305 0.000000 0.015108
v -0.022747 0.000000 0.014429
v -0.024334 0.000000 0.014285
v -0.025874 0.000000 0.014691
v -0.027183 0.000000 0.015601
v -0.028102 0.000000 0.016903
v -0.028520 0.000000 0.018440
v -0.028386 0.000000 0.020028
v -0.027718 0.000000 0.021475
v -0.026596 0.000000 0.022606
v -0.025154 0.000000 0.023284
v -0.023567 0.000000 0.023429
v -0.022026 0.000000 0.023022
v -0.020718 0.000000 0.022113
v -0.035291 0.000000 0.026732
v -0.035291 0.000000 0.030368
v -0.034525 0.000000 0.026732
v -0.034525 0.000000 0.025857
v -0.033268 0.000000 0.022944
v -0.033268 0.000000 0.025859
v -0.032217 0.000000 0.022944
v 0.020223 -0.018032 0.028707
v 0.021871 -0.018032 0.029483
v 0.021866 -0.005988 0.029494
v 0.020218 -0.005988 0.028718
v 0.044155 -0.006116 -0.017856
v 0.043349 -0.020859 -0.016145
v 0.041701 -0.020859 -0.016921
v 0.042506 -0.006116 -0.018632
v -0.054735 -0.026636 -0.018835
v -0.056322 -0.026636 -0.019582
v -0.051609 -0.026341 -0.029593
v -0.050022 -0.026341 -0.028846
v -0.049025 -0.023450 -0.030389
v -0.049303 -0.024121 -0.029797
v -0.054407 -0.024103 -0.018954
v -0.055592 -0.023566 -0.016436
v -0.056378 -0.021955 -0.014767
v -0.056765 -0.019270 -0.013945
v -0.049222 -0.005887 -0.029970
v -0.057543 -0.005884 -0.012293
v 0.023829 -0.023376 0.025323
v 0.023455 -0.020440 0.026118
v 0.021807 -0.020440 0.025342
v 0.022181 -0.023376 0.024547
v 0.025037 -0.025850 0.022758
v 0.023388 -0.025850 0.021983
v 0.026595 -0.026636 0.019448
v 0.024946 -0.026636 0.018673
v -0.061051 -0.005988 -0.009536
v -0.059464 -0.005988 -0.008789
v -0.039746 -0.024839 -0.054796
v -0.039153 -0.021095 -0.056055
v -0.037567 -0.021095 -0.055308
v -0.038159 -0.024839 -0.054049
v -0.041138 -0.027717 -0.051838
v -0.039551 -0.027717 -0.051091
v -0.042807 -0.028627 -0.048293
v -0.041220 -0.028627 -0.047546
v 0.040068 -0.027632 -0.009174
v 0.035303 -0.027341 0.000948
v 0.033655 -0.027341 0.000173
v 0.038420 -0.027632 -0.009950
v -0.038459 -0.005890 -0.052833
v -0.039229 -0.020057 -0.051199
v -0.039544 -0.022305 -0.050530
v -0.041185 -0.024103 -0.047042
v -0.040196 -0.023653 -0.049144
v -0.046780 -0.005887 -0.035157
v -0.046289 -0.024121 -0.036199
v -0.046583 -0.023450 -0.035575
v -0.046862 -0.024122 -0.034983
v -0.048731 -0.024122 -0.031013
v -0.046716 -0.025787 -0.035294
v -0.047136 -0.026774 -0.034401
v -0.047796 -0.027103 -0.032998
v -0.048456 -0.026774 -0.031595
v -0.048877 -0.025787 -0.030702
v -0.048961 -0.024781 -0.030522
v -0.046631 -0.024781 -0.035474
v -0.050786 -0.029008 -0.031343
v -0.049606 -0.029648 -0.033850
v -0.048019 -0.029648 -0.033103
v -0.049199 -0.029008 -0.030596
v 0.034491 -0.029008 0.002674
v 0.033311 -0.029648 0.005181
v 0.031662 -0.029648 0.004405
v 0.032843 -0.029008 0.001898
v -0.051645 -0.026974 -0.029517
v -0.050059 -0.026974 -0.028770
v 0.035351 -0.026974 0.000848
v 0.033702 -0.026974 0.000072
v 0.035314 -0.026341 0.000924
v 0.033666 -0.026341 0.000148
v 0.040094 -0.024237 0.010391
v 0.040184 -0.025295 0.010201
v 0.040423 -0.025857 0.009692
v 0.041649 -0.024237 0.007089
v 0.040871 -0.026081 0.008740
v 0.041320 -0.025857 0.007787
v 0.041559 -0.025295 0.007278
v 0.039518 -0.023122 0.011616
v 0.042225 -0.023122 0.005863
v 0.052018 -0.005890 -0.010244
v 0.051592 -0.005827 -0.009339
v 0.050831 -0.019835 -0.007723
v 0.051249 -0.020057 -0.008609
v 0.050565 -0.021734 -0.007157
v 0.050934 -0.022305 -0.007940
v 0.050087 -0.022723 -0.006141
v 0.050281 -0.023653 -0.006554
v 0.049251 -0.023103 -0.004365
v 0.049292 -0.024103 -0.004452
v 0.044035 -0.023122 0.006715
v 0.044188 -0.024121 0.006390
v 0.043458 -0.024237 0.007941
v 0.043846 -0.024781 0.007116
v 0.043369 -0.025295 0.008130
v 0.043762 -0.025787 0.007296
v 0.043129 -0.025857 0.008639
v 0.043341 -0.026774 0.008189
v 0.042681 -0.026081 0.009592
v 0.042681 -0.027103 0.009592
v 0.042233 -0.025857 0.010544
v 0.042021 -0.026774 0.010994
v 0.041993 -0.025295 0.011053
v 0.041600 -0.025787 0.011887
v 0.041904 -0.024237 0.011242
v 0.041516 -0.024781 0.012067
v 0.041327 -0.023122 0.012468
v 0.041174 -0.024121 0.012793
v 0.036111 -0.023103 0.023548
v 0.036070 -0.024103 0.023635
v 0.035079 -0.022635 0.025742
v 0.034885 -0.023566 0.026153
v 0.034466 -0.021379 0.027044
v 0.034099 -0.021955 0.027823
v 0.034129 -0.019040 0.027760
v 0.033712 -0.019270 0.028645
v 0.033361 -0.005816 0.029392
v 0.032935 -0.005884 0.030297
v 0.042648 -0.005890 -0.014655
v 0.041878 -0.020057 -0.013020
v 0.041563 -0.022305 -0.012351
v 0.040911 -0.023653 -0.010965
v 0.039921 -0.024103 -0.008863
v 0.034818 -0.024121 0.001979
v 0.034476 -0.024781 0.002705
v 0.034391 -0.025787 0.002885
v 0.033971 -0.026774 0.003778
v 0.033311 -0.027103 0.005181
v 0.032650 -0.026774 0.006583
v 0.032230 -0.025787 0.007477
v 0.032145 -0.024781 0.007656
v 0.031804 -0.024121 0.008382
v 0.026700 -0.024103 0.019225
v 0.025515 -0.023566 0.021742
v 0.024729 -0.021955 0.023412
v 0.024342 -0.019270 0.024234
v 0.023564 -0.005884 0.025886
v 0.031551 -0.005816 0.028540
v 0.032319 -0.019040 0.026908
v 0.032656 -0.021379 0.026192
v 0.033269 -0.022635 0.024890
v 0.034302 -0.023103 0.022696
v 0.047441 -0.023103 -0.005217
v 0.048277 -0.022723 -0.006993
v 0.048756 -0.021734 -0.008009
v 0.049022 -0.019835 -0.008575
v 0.049783 -0.005827 -0.010191
v -0.057406 -0.019624 -0.012584
v -0.058199 -0.005988 -0.010898
v -0.037802 -0.005988 -0.054229
v -0.038587 -0.020398 -0.052563
v -0.038994 -0.023156 -0.051697
v -0.039906 -0.025041 -0.049760
v -0.041122 -0.025641 -0.047176
v -0.046066 -0.025575 -0.036673
v -0.046135 -0.026514 -0.036527
v -0.046822 -0.028132 -0.035068
v -0.047796 -0.028648 -0.032998
v -0.048770 -0.028132 -0.030928
v -0.049458 -0.026514 -0.029469
v -0.049526 -0.025575 -0.029323
v -0.054470 -0.025641 -0.018820
v -0.055881 -0.024955 -0.015823
v -0.056925 -0.022815 -0.013604
v 0.022908 -0.005988 0.027281
v 0.031581 -0.025575 0.008856
v 0.035041 -0.025575 0.001506
v 0.022970 -0.020611 0.027149
v 0.021321 -0.020611 0.026373
v -0.058629 -0.019186 -0.009986
v -0.058815 -0.017872 -0.009589
v -0.058815 -0.005988 -0.009589
v -0.058069 -0.019624 -0.011174
v 0.022177 -0.019893 0.028833
v 0.020529 -0.019893 0.028057
v -0.004780 -0.017970 0.015825
v 0.020638 -0.017876 0.027826
v 0.020643 -0.005988 0.027814
v -0.004788 -0.005988 0.015843
v 0.001809 -0.005988 -0.035583
v 0.041656 -0.005988 -0.016826
v 0.040872 -0.020398 -0.015160
v 0.001025 -0.020398 -0.033917
v 0.029659 -0.026341 0.008661
v 0.031307 -0.026341 0.009437
v -0.017314 -0.022815 0.005042
v 0.022533 -0.022815 0.023799
v 0.022053 -0.019624 0.024819
v -0.017795 -0.019624 0.006062
v -0.016270 -0.024955 0.002823
v 0.023578 -0.024955 0.021580
v -0.014859 -0.025641 -0.000174
v 0.024989 -0.025641 0.018583
v 0.042819 -0.024275 -0.015018
v 0.041170 -0.024275 -0.015794
v 0.041584 -0.026827 -0.012396
v 0.039936 -0.026827 -0.013172
v -0.001511 -0.025641 -0.028530
v 0.038337 -0.025641 -0.009773
v 0.033392 -0.025575 0.000730
v -0.006455 -0.025575 -0.018027
v 0.032131 -0.029008 0.007688
v 0.030482 -0.029008 0.006912
v -0.007211 -0.028132 -0.016422
v 0.032637 -0.028132 0.002335
v 0.031662 -0.028648 0.004405
v -0.008185 -0.028648 -0.014352
v 0.031271 -0.026974 0.009514
v 0.029623 -0.026974 0.008738
v -0.006524 -0.026514 -0.017882
v 0.033324 -0.026514 0.000875
v 0.021390 -0.019624 0.026229
v -0.018458 -0.019624 0.007471
v 0.020830 -0.019186 0.027417
v -0.019017 -0.019186 0.008659
v -0.054693 -0.025641 -0.018925
v -0.049749 -0.025575 -0.029428
v -0.009915 -0.025575 -0.010677
v 0.000617 -0.023156 -0.033051
v -0.039217 -0.023156 -0.051802
v -0.038809 -0.020398 -0.052668
v -0.000295 -0.025041 -0.031115
v -0.040128 -0.025041 -0.049865
v -0.041345 -0.025641 -0.047281
v -0.009159 -0.028132 -0.012282
v -0.048993 -0.028132 -0.031033
v -0.048019 -0.028648 -0.033103
v -0.009846 -0.026514 -0.010823
v -0.049680 -0.026514 -0.029573
v -0.061045 -0.018032 -0.009548
v -0.059458 -0.018032 -0.008801
v -0.038337 -0.006179 -0.057790
v -0.036750 -0.006179 -0.057043
v -0.059087 -0.023376 -0.013708
v -0.057500 -0.023376 -0.012961
v -0.057874 -0.020440 -0.012166
v -0.059461 -0.020440 -0.012913
v -0.057880 -0.025850 -0.016272
v -0.056293 -0.025850 -0.015525
v -0.046038 -0.028341 -0.037312
v -0.047624 -0.028341 -0.038059
v -0.048426 -0.029008 -0.036357
v -0.046839 -0.029008 -0.035610
v -0.047566 -0.026974 -0.038183
v -0.045979 -0.026974 -0.037436
v -0.047602 -0.026341 -0.038106
v -0.046015 -0.026341 -0.037359
v -0.058360 -0.020611 -0.011134
v -0.059947 -0.020611 -0.011881
v -0.060739 -0.019893 -0.010198
v -0.059153 -0.019893 -0.009451
v 0.040028 -0.026636 -0.009089
v 0.041392 -0.025935 -0.011987
v 0.042466 -0.023714 -0.014269
v 0.042935 -0.020626 -0.015265
v 0.043730 -0.006052 -0.016953
v 0.042081 -0.006052 -0.017729
v 0.041287 -0.020626 -0.016041
v 0.040818 -0.023714 -0.015045
v 0.040464 -0.023156 -0.014294
v 0.039744 -0.025935 -0.012763
v 0.039553 -0.025041 -0.012357
v 0.038379 -0.026636 -0.009864
v 0.030688 -0.028132 0.006475
v 0.030001 -0.026514 0.007934
v 0.029932 -0.025575 0.008080
v -0.039612 -0.005988 -0.055081
v -0.039187 -0.006052 -0.055984
v -0.039981 -0.020626 -0.054296
v -0.040396 -0.020398 -0.053415
v -0.040450 -0.023714 -0.053300
v -0.040804 -0.023156 -0.052549
v -0.041524 -0.025935 -0.051018
v -0.041715 -0.025041 -0.050612
v -0.042889 -0.026636 -0.048119
v -0.042932 -0.025641 -0.048028
v -0.047876 -0.025575 -0.037525
v -0.047944 -0.026514 -0.037379
v -0.048631 -0.028132 -0.035920
v -0.049606 -0.028648 -0.033850
v -0.050580 -0.028132 -0.031780
v -0.051267 -0.026514 -0.030320
v -0.051336 -0.025575 -0.030175
v -0.056280 -0.025641 -0.019672
v -0.057690 -0.024955 -0.016675
v -0.058735 -0.022815 -0.014456
v -0.059215 -0.019624 -0.013435
v -0.059879 -0.019624 -0.012026
v -0.060438 -0.019186 -0.010837
v -0.060625 -0.017872 -0.010441
v -0.060625 -0.005988 -0.010441
v -0.047045 -0.028132 -0.035173
v -0.046357 -0.026514 -0.036632
v -0.046289 -0.025575 -0.036778
v -0.041302 -0.026636 -0.047372
v -0.039938 -0.025935 -0.050271
v -0.038863 -0.023714 -0.052553
v -0.038395 -0.020626 -0.053549
v -0.037600 -0.006052 -0.055237
v -0.038025 -0.005988 -0.054334
v -0.059038 -0.005988 -0.009694
v -0.059043 -0.017876 -0.009682
v -0.058851 -0.019186 -0.010091
v -0.058292 -0.019624 -0.011279
v -0.057628 -0.019624 -0.012688
v -0.057148 -0.022815 -0.013709
v -0.056104 -0.024955 -0.015928
v 0.047262 -0.005254 -0.004837
v 0.047262 -0.014925 -0.004837
v 0.046586 -0.017280 -0.003400
v 0.047031 -0.016234 -0.004346
v 0.046028 -0.017822 -0.002215
v 0.042143 -0.017822 0.006038
v 0.039586 -0.017822 0.011470
v 0.035396 -0.017822 0.020371
v 0.034839 -0.017280 0.021556
v 0.034393 -0.016234 0.022502
v 0.034162 -0.014925 0.022993
v 0.034162 -0.005226 0.022993
v 0.040745 -0.005254 -0.007904
v 0.040745 -0.014925 -0.007904
v 0.040514 -0.016234 -0.007413
v 0.040069 -0.017280 -0.006467
v 0.039511 -0.017822 -0.005283
v 0.035627 -0.017822 0.002971
v 0.033070 -0.017822 0.008402
v 0.028880 -0.017822 0.017304
v 0.028322 -0.017280 0.018488
v 0.027877 -0.016234 0.019435
v 0.027646 -0.014925 0.019925
v 0.027646 -0.005226 0.019925
v 0.039359 -0.001655 -0.004958
v 0.039001 -0.004721 -0.004198
v 0.038318 -0.007465 -0.002747
v 0.037355 -0.009700 -0.000702
v 0.036179 -0.011274 0.001796
v 0.034870 -0.012080 0.004578
v 0.033516 -0.012063 0.007454
v 0.032210 -0.011224 0.010228
v 0.031042 -0.009619 0.012710
v 0.030090 -0.007360 0.014733
v 0.029419 -0.004598 0.016157
v 0.029076 -0.001524 0.016886
v 0.040323 -0.001655 -0.004504
v 0.039966 -0.004721 -0.003744
v 0.039282 -0.007465 -0.002293
v 0.038320 -0.009700 -0.000248
v 0.037144 -0.011274 0.002250
v 0.035835 -0.012080 0.005032
v 0.034481 -0.012063 0.007908
v 0.033175 -0.011224 0.010682
v 0.032006 -0.009619 0.013164
v 0.031054 -0.007360 0.015187
v 0.030384 -0.004598 0.016611
v 0.030041 -0.001524 0.017340
v 0.045432 -0.004695 -0.001104
v 0.044553 -0.004721 -0.001585
v 0.044911 -0.001655 -0.002344
v 0.045788 -0.001646 -0.001859
v 0.044753 -0.007424 0.000340
v 0.043870 -0.007465 -0.000133
v 0.043795 -0.009647 0.002373
v 0.042907 -0.009700 0.001911
v 0.042626 -0.011213 0.004858
v 0.041731 -0.011274 0.004410
v 0.041323 -0.012015 0.007625
v 0.040422 -0.012080 0.007192
v 0.039977 -0.011998 0.010485
v 0.039068 -0.012063 0.010067
v 0.038678 -0.011163 0.013244
v 0.037762 -0.011224 0.012841
v 0.037516 -0.009567 0.015713
v 0.036594 -0.009619 0.015324
v 0.036569 -0.007320 0.017725
v 0.035642 -0.007360 0.017346
v 0.035902 -0.004573 0.019141
v 0.034971 -0.004598 0.018771
v 0.035561 -0.001515 0.019867
v 0.034628 -0.001524 0.019500
v 0.039809 -0.004566 -0.003411
v 0.040154 -0.001601 -0.004145
v 0.044742 -0.001601 -0.001986
v 0.044396 -0.004566 -0.001251
v 0.039148 -0.007219 -0.002007
v 0.043735 -0.007219 0.000153
v 0.038217 -0.009381 -0.000029
v 0.042804 -0.009381 0.002130
v 0.037080 -0.010904 0.002387
v 0.041667 -0.010904 0.004546
v 0.035813 -0.011683 0.005077
v 0.040401 -0.011683 0.007237
v 0.034504 -0.011667 0.007859
v 0.039091 -0.011667 0.010018
v 0.033241 -0.010855 0.010541
v 0.037829 -0.010855 0.012701
v 0.032111 -0.009303 0.012943
v 0.036698 -0.009303 0.015102
v 0.031190 -0.007118 0.014899
v 0.035778 -0.007118 0.017058
v 0.030542 -0.004447 0.016276
v 0.035129 -0.004447 0.018436
v 0.030210 -0.001473 0.016981
v 0.034797 -0.001473 0.019141
v 0.044992 -0.001390 -0.000169
v 0.044692 -0.003964 0.000469
v 0.044118 -0.006268 0.001687
v 0.043310 -0.008145 0.003404
v 0.042322 -0.009467 0.005502
v 0.041223 -0.010144 0.007838
v 0.040086 -0.010130 0.010253
v 0.038990 -0.009425 0.012583
v 0.038008 -0.008078 0.014667
v 0.037209 -0.006180 0.016366
v 0.036646 -0.003861 0.017562
v 0.036358 -0.001279 0.018174
v 0.043215 -0.001381 -0.000934
v 0.042916 -0.003939 -0.000300
v 0.042346 -0.006228 0.000911
v 0.041543 -0.008093 0.002617
v 0.040562 -0.009406 0.004701
v 0.039470 -0.010079 0.007022
v 0.038340 -0.010064 0.009422
v 0.037251 -0.009364 0.011736
v 0.036276 -0.008026 0.013807
v 0.035481 -0.006140 0.015495
v 0.034922 -0.003836 0.016683
v 0.034636 -0.001271 0.017291
v -0.033612 -0.017970 0.002253
v -0.033620 -0.005988 0.002271
v -0.018001 -0.005988 0.018285
v -0.019930 -0.005988 0.022385
v -0.019930 -0.017976 0.022385
v -0.018001 -0.017976 0.018285
v -0.027083 -0.017976 0.014010
v -0.029013 -0.017976 0.018109
v -0.029013 -0.005988 0.018109
v -0.027083 -0.005988 0.014010
v -0.019575 -0.017970 0.009844
v -0.010645 -0.017976 0.014048
v -0.015049 -0.017976 0.014862
v -0.020687 -0.017972 0.012208
v -0.028505 -0.017976 0.005641
v -0.026326 -0.017976 0.009554
v -0.015049 -0.005988 0.014862
v -0.026326 -0.005988 0.009554
v -0.010264 -0.017985 0.013238
v -0.019196 -0.017970 0.009039
v -0.028124 -0.017985 0.004831
v -0.010645 -0.005988 0.014048
v -0.028505 -0.005988 0.005641
v -0.023324 -0.017976 0.024355
v -0.023324 -0.005988 0.024355
v -0.026018 -0.005988 0.023533
v -0.026018 -0.017976 0.023533
v -0.028369 -0.005988 0.021980
v -0.028369 -0.017976 0.021980
v -0.021294 -0.017976 0.023973
v -0.021294 -0.005988 0.023973
v -0.029367 -0.005988 0.020172
v -0.029367 -0.017976 0.020172
v -0.022542 -0.017976 0.016147
v -0.024472 -0.017976 0.020247
v -0.025331 -0.017976 0.022073
v -0.038762 -0.006116 -0.056887
v -0.039567 -0.020859 -0.055176
v -0.040098 -0.024275 -0.054049
v -0.041332 -0.026827 -0.051426
v -0.042849 -0.027632 -0.048205
v -0.047613 -0.027341 -0.038082
v -0.046027 -0.027341 -0.037335
v -0.037175 -0.006116 -0.056140
v -0.037980 -0.020859 -0.054429
v -0.038511 -0.024275 -0.053302
v -0.039858 -0.026527 -0.050440
v -0.038623 -0.023974 -0.053062
v 0.041058 -0.023974 -0.015555
v 0.039824 -0.026527 -0.012933
v -0.041262 -0.027632 -0.047458
v -0.039745 -0.026827 -0.050679
v 0.047440 -0.026341 0.006632
v 0.056823 -0.026636 -0.001183
v 0.059538 -0.025935 -0.003445
v 0.061677 -0.023714 -0.005226
v 0.062610 -0.020626 -0.006004
v 0.064192 -0.006052 -0.007321
v 0.065038 -0.006116 -0.008026
v 0.063435 -0.020859 -0.006690
v 0.062379 -0.024275 -0.005811
v 0.059922 -0.026827 -0.003764
v 0.056903 -0.027632 -0.001249
v 0.047418 -0.027341 0.006651
v 0.042258 -0.000915 0.002447
v 0.042063 -0.002583 0.002860
v 0.041690 -0.004085 0.003654
v 0.041163 -0.005308 0.004773
v 0.040519 -0.006169 0.006140
v 0.039803 -0.006610 0.007663
v 0.039062 -0.006601 0.009236
v 0.038347 -0.006142 0.010754
v 0.037708 -0.005264 0.012113
v 0.037187 -0.004027 0.013219
v 0.036820 -0.002516 0.013999
v 0.036631 -0.000824 0.014400
v -0.021540 -0.020286 0.021285
v -0.022516 -0.020286 0.021963
v -0.023665 -0.020286 0.022266
v -0.021141 -0.020286 0.016904
v -0.024848 -0.020286 0.022159
v -0.025923 -0.020286 0.021652
v -0.027259 -0.020286 0.019730
v -0.026760 -0.020286 0.020809
v -0.027358 -0.020286 0.018546
v -0.027046 -0.020286 0.017400
v -0.025385 -0.020286 0.015751
v -0.026361 -0.020286 0.016429
v -0.024236 -0.020286 0.015447
v -0.023053 -0.020286 0.015555
v -0.021978 -0.020286 0.016061
v -0.020642 -0.020286 0.017983
v -0.020543 -0.020286 0.019167
v -0.020855 -0.020286 0.020314
v -0.020063 -0.020033 0.020687
v -0.019672 -0.020033 0.019247
v -0.019381 -0.019276 0.019273
v -0.019799 -0.019276 0.020811
v -0.019796 -0.020033 0.017760
v -0.019514 -0.019276 0.017685
v -0.020422 -0.020033 0.016405
v -0.020182 -0.019276 0.016239
v -0.021473 -0.020033 0.015346
v -0.021305 -0.019276 0.015108
v -0.022823 -0.020033 0.014711
v -0.022747 -0.019276 0.014429
v -0.024309 -0.020033 0.014575
v -0.024334 -0.019276 0.014285
v -0.025752 -0.020033 0.014956
v -0.025874 -0.019276 0.014691
v -0.026977 -0.020033 0.015808
v -0.027183 -0.019276 0.015601
v -0.027838 -0.020033 0.017027
v -0.028102 -0.019276 0.016903
v -0.028229 -0.020033 0.018467
v -0.028520 -0.019276 0.018440
v -0.028104 -0.020033 0.019954
v -0.028386 -0.019276 0.020028
v -0.027479 -0.020033 0.021308
v -0.027718 -0.019276 0.021475
v -0.026427 -0.020033 0.022367
v -0.026596 -0.019276 0.022606
v -0.025077 -0.020033 0.023003
v -0.025154 -0.019276 0.023284
v -0.023591 -0.020033 0.023138
v -0.023567 -0.019276 0.023429
v -0.022149 -0.020033 0.022757
v -0.022026 -0.019276 0.023022
v -0.020923 -0.020033 0.021906
v -0.020718 -0.019276 0.022113
v -0.035291 -0.001892 0.030368
v -0.035291 -0.001892 0.026732
v -0.033997 -0.005448 0.026732
v -0.033997 -0.005448 0.030368
v -0.031564 -0.008347 0.026732
v -0.031564 -0.008347 0.030368
v -0.028287 -0.010239 0.026732
v -0.028287 -0.010239 0.030368
v -0.024560 -0.010896 0.026732
v -0.024560 -0.010896 0.030368
v -0.020834 -0.010239 0.026732
v -0.020834 -0.010239 0.030368
v -0.017557 -0.008347 0.026732
v -0.017557 -0.008347 0.030368
v -0.015124 -0.005448 0.026732
v -0.015124 -0.005448 0.030368
v -0.013830 -0.001892 0.026732
v -0.013830 -0.001892 0.030368
v -0.034525 -0.001757 0.026732
v -0.033323 -0.005059 0.026732
v -0.031064 -0.007751 0.026732
v -0.028021 -0.009508 0.026732
v -0.024560 -0.010118 0.026732
v -0.021100 -0.009508 0.026732
v -0.018057 -0.007751 0.026732
v -0.015798 -0.005059 0.026732
v -0.014596 -0.001757 0.026732
v -0.034525 -0.001757 0.025857
v -0.033323 -0.005059 0.025857
v -0.031064 -0.007751 0.025857
v -0.028021 -0.009508 0.025857
v -0.021100 -0.009508 0.025857
v -0.018057 -0.007751 0.025857
v -0.015798 -0.005059 0.025857
v -0.014596 -0.001757 0.025857
v -0.033268 -0.001535 0.025859
v -0.033268 -0.001535 0.022944
v -0.032217 -0.004421 0.022944
v -0.032217 -0.004421 0.025859
v -0.030086 -0.006930 0.022942
v -0.030086 -0.006930 0.025857
v -0.031064 -0.007751 0.022942
v -0.028021 -0.009508 0.022942
v -0.026002 -0.009864 0.023930
v -0.024560 -0.010118 0.025876
v -0.023119 -0.009864 0.023930
v -0.021100 -0.009508 0.022942
v -0.018057 -0.007751 0.022942
v -0.019035 -0.006930 0.025859
v -0.019035 -0.006930 0.022944
v -0.016903 -0.004421 0.022944
v -0.016903 -0.004421 0.025859
v -0.015853 -0.001535 0.022944
v -0.015853 -0.001535 0.025859
vn -0.4187 0.1836 0.8894
vn -0.4259 0.0005 0.9048
vn 0.4250 0.0637 -0.9029
vn 0.4138 0.2364 -0.8791
vn -0.0394 0.9957 0.0836
vn 0.0114 0.9996 -0.0241
vn -0.0393 0.9957 0.0836
vn -0.9048 -0.0000 -0.4259
vn -0.9048 0.0001 -0.4259
vn -0.3581 0.5412 0.7608
vn -0.4080 0.2866 0.8668
vn -0.1908 0.8940 0.4054
vn -0.4259 -0.0000 0.9048
vn -0.4259 0.0006 0.9048
vn 0.4260 -0.0000 -0.9047
vn 0.3509 0.5666 -0.7455
vn 0.4135 0.2395 -0.8784
vn 0.1948 0.8893 -0.4138
vn 0.1947 0.8893 -0.4138
vn 0.0431 0.9949 -0.0916
vn 0.1949 0.8893 -0.4138
vn 0.0417 0.9952 -0.0887
vn -0.0111 0.9997 0.0235
vn -0.9049 -0.0000 -0.4257
vn -0.9047 -0.0000 -0.4260
vn -0.9048 -0.0000 -0.4258
vn -0.2073 0.8736 0.4403
vn -0.0000 1.0000 -0.0000
vn 0.2073 0.8736 -0.4403
vn -0.3023 0.7043 0.6423
vn -0.4221 -0.1330 0.8967
vn 0.3023 0.7044 -0.6422
vn 0.2072 0.8736 -0.4403
vn 0.4221 -0.1329 -0.8967
vn 0.9048 0.0001 0.4259
vn 0.9048 -0.0001 0.4259
vn 0.9048 -0.0000 0.4259
vn 0.9048 -0.0000 0.4258
vn 0.9047 -0.0000 0.4260
vn 0.9048 0.0001 0.4258
vn 0.9048 -0.0001 0.4258
vn 0.9047 0.0001 0.4260
vn 0.4250 0.0634 -0.9030
vn 0.4154 0.2206 -0.8825
vn 0.3555 0.5509 -0.7551
vn 0.3554 0.5509 -0.7551
vn 0.1878 0.8976 -0.3989
vn 0.1879 0.8976 -0.3989
vn 0.0410 0.9954 -0.0870
vn 0.1441 0.9411 -0.3060
vn 0.1440 0.9411 -0.3060
vn 0.3656 0.5130 -0.7766
vn 0.3656 0.5130 -0.7767
vn 0.3757 0.4709 -0.7982
vn 0.2032 0.8789 -0.4316
vn -0.2032 0.8789 0.4316
vn -0.3757 0.4709 0.7982
vn -0.3656 0.5130 0.7766
vn -0.3656 0.5130 0.7767
vn -0.1441 0.9411 0.3060
vn -0.1440 0.9411 0.3060
vn -0.0409 0.9954 0.0868
vn -0.1868 0.8987 0.3969
vn -0.1869 0.8986 0.3969
vn -0.3540 0.5561 0.7520
vn -0.1868 0.8986 0.3969
vn -0.3541 0.5561 0.7519
vn -0.4146 0.2288 0.8808
vn -0.4249 0.0677 0.9027
vn 0.4249 -0.0677 -0.9027
vn 0.4146 -0.2288 -0.8808
vn 0.3540 -0.5561 -0.7520
vn 0.1868 -0.8987 -0.3969
vn 0.0409 -0.9954 -0.0868
vn 0.1441 -0.9411 -0.3060
vn 0.1440 -0.9411 -0.3060
vn 0.3656 -0.5130 -0.7766
vn 0.3655 -0.5130 -0.7767
vn 0.3757 -0.4709 -0.7982
vn 0.2032 -0.8789 -0.4316
vn 0.2031 -0.8789 -0.4316
vn -0.0000 -1.0000 -0.0000
vn -0.2032 -0.8789 0.4316
vn -0.3757 -0.4709 0.7982
vn -0.3656 -0.5130 0.7766
vn -0.1441 -0.9411 0.3060
vn -0.1440 -0.9411 0.3060
vn -0.0410 -0.9954 0.0870
vn -0.1878 -0.8976 0.3989
vn -0.3555 -0.5509 0.7551
vn -0.3554 -0.5509 0.7551
vn -0.4154 -0.2206 0.8825
vn -0.4250 -0.0634 0.9030
vn -0.4251 -0.0634 0.9029
vn -0.9048 -0.0001 -0.4259
vn -0.9047 -0.0000 -0.4259
vn -0.9047 0.0001 -0.4260
vn -0.9048 0.0001 -0.4258
vn 0.0630 0.9890 -0.1339
vn -0.0467 0.9940 0.0992
vn -0.3973 0.3599 0.8442
vn -0.1533 0.9330 0.3257
vn -0.3866 0.1662 0.9072
vn -0.3603 0.0002 0.9328
vn -0.4263 -0.0002 0.9046
vn -0.4206 0.1646 0.8922
vn 0.4250 0.0635 -0.9029
vn 0.4146 0.2286 -0.8808
vn 0.4250 0.0635 -0.9030
vn -0.3523 0.5618 0.7485
vn -0.4015 0.3333 0.8530
vn -0.1895 0.8956 0.4025
vn -0.1894 0.8956 0.4025
vn -0.0422 0.9951 0.0897
vn 0.3517 0.5640 -0.7472
vn 0.3708 0.4921 -0.7876
vn 0.1937 0.8906 -0.4115
vn 0.3517 0.5640 -0.7471
vn 0.1609 0.9259 -0.3417
vn 0.1609 0.9259 -0.3418
vn 0.0429 0.9949 -0.0910
vn -0.0024 1.0000 0.0052
vn 0.2058 0.8755 -0.4372
vn -0.3023 0.7044 0.6422
vn 0.3784 0.4591 -0.8038
vn 0.2057 0.8755 -0.4373
vn 0.4198 0.1691 -0.8917
vn -0.0683 0.9871 0.1451
vn -0.0682 0.9871 0.1451
vn -0.1348 0.9486 0.2864
vn 0.0024 1.0000 -0.0052
vn 0.3535 0.5576 -0.7511
vn 0.3536 0.5576 -0.7511
vn 0.1908 0.8940 -0.4054
vn 0.3537 0.5576 -0.7510
vn 0.0428 0.9949 -0.0910
vn -0.2058 0.8755 0.4372
vn -0.0001 1.0000 -0.0000
vn -0.3784 0.4591 0.8038
vn -0.4198 0.1691 0.8917
vn -0.4259 0.0004 0.9048
vn 0.4250 0.0639 -0.9029
vn -0.0108 0.9997 0.0229
vn 0.3023 0.7043 -0.6423
vn 0.2074 0.8736 -0.4402
vn 0.4222 -0.1327 -0.8968
vn -0.0466 0.9940 0.0992
vn -0.3974 0.3599 0.8441
vn -0.4186 0.1836 0.8894
vn 0.9048 -0.0002 0.4259
vn -0.9047 0.0001 -0.4259
vn -0.9047 -0.0001 -0.4261
vn 0.9047 -0.0001 0.4259
vn -0.4177 -0.1951 0.8874
vn -0.3541 -0.5556 0.7523
vn -0.2366 -0.8315 0.5027
vn -0.0831 -0.9808 0.1765
vn 0.0831 -0.9808 -0.1765
vn 0.2366 -0.8315 -0.5027
vn 0.3541 -0.5556 -0.7523
vn 0.4177 -0.1951 -0.8874
vn 0.4259 -0.0000 -0.9048
vn 0.3926 0.3877 -0.8340
vn 0.3925 0.3877 -0.8340
vn 0.4221 0.1332 -0.8967
vn 0.3365 0.6131 -0.7148
vn 0.2574 0.7967 -0.5469
vn 0.1608 0.9259 -0.3417
vn 0.0533 0.9921 -0.1132
vn -0.0579 0.9907 0.1230
vn -0.1651 0.9218 0.3508
vn -0.2611 0.7900 0.5547
vn -0.3393 0.6044 0.7208
vn -0.3944 0.3777 0.8378
vn -0.4224 0.1278 0.8973
vn -0.4224 0.1278 0.8974
vn -0.3944 0.3777 0.8377
vn 0.4513 0.3869 -0.8042
vn 0.4808 0.1329 -0.8667
vn 0.4513 0.3869 -0.8041
vn 0.3953 0.6117 -0.6852
vn 0.3164 0.7949 -0.5176
vn 0.3164 0.7950 -0.5176
vn 0.2201 0.9239 -0.3129
vn 0.1127 0.9900 -0.0849
vn 0.1128 0.9900 -0.0849
vn 0.0018 0.9886 0.1508
vn -0.1052 0.9198 0.3781
vn -0.2010 0.7883 0.5815
vn -0.2790 0.6031 0.7473
vn -0.3339 0.3768 0.8640
vn -0.3619 0.1276 0.9234
vn -0.3619 0.1275 0.9234
vn 0.2574 0.7967 -0.5468
vn 0.9049 0.0002 0.4257
vn 0.9048 0.0002 0.4258
vn -0.9049 0.0001 -0.4256
vn -0.9049 0.0002 -0.4257
vn -0.9047 -0.0001 -0.4260
vn -0.9047 -0.0002 -0.4260
vn -0.9048 0.0002 -0.4259
vn -0.3915 -0.1332 0.9105
vn -0.3615 -0.3875 0.8480
vn -0.3620 -0.3875 0.8478
vn -0.3910 -0.1331 0.9107
vn -0.3054 -0.6127 0.7289
vn -0.3059 -0.6127 0.7287
vn -0.3060 -0.6127 0.7286
vn -0.2264 -0.7962 0.5611
vn -0.2270 -0.7962 0.5608
vn -0.1299 -0.9254 0.3560
vn -0.1305 -0.9254 0.3557
vn -0.1305 -0.9254 0.3558
vn -0.0224 -0.9916 0.1277
vn -0.0230 -0.9916 0.1274
vn 0.0887 -0.9901 -0.1084
vn 0.0882 -0.9902 -0.1086
vn 0.1959 -0.9212 -0.3361
vn 0.1954 -0.9212 -0.3364
vn 0.2918 -0.7896 -0.5398
vn 0.2913 -0.7896 -0.5401
vn 0.3700 -0.6041 -0.7058
vn 0.3694 -0.6041 -0.7061
vn 0.4250 -0.3774 -0.8228
vn 0.4245 -0.3774 -0.8230
vn 0.4244 -0.3774 -0.8231
vn 0.4530 -0.1277 -0.8823
vn 0.4524 -0.1278 -0.8826
vn 0.4562 -0.0000 -0.8899
vn 0.4530 -0.1278 -0.8823
vn 0.4525 -0.1277 -0.8826
vn -0.4199 0.1649 0.8924
vn -0.4258 -0.0005 0.9048
vn -0.4893 0.0003 0.8721
vn -0.4528 0.1667 0.8759
vn -0.3522 0.5618 0.7485
vn -0.1893 0.8956 0.4025
vn 0.1907 0.8940 -0.4054
vn -0.2059 0.8755 0.4372
vn -0.3785 0.4591 0.8037
vn 0.3420 -0.9397 -0.0000
vn 0.8388 -0.0000 0.5445
vn 0.8393 -0.0000 0.5437
vn -0.9541 -0.0000 -0.2995
vn -0.9538 -0.0000 -0.3004
vn -0.0000 1.0000 -0.0008
vn 0.0002 1.0000 -0.0008
vn -0.0002 1.0000 -0.0010
vn -0.0027 1.0000 0.0072
vn 0.0009 1.0000 -0.0005
vn 0.0005 1.0000 -0.0007
vn 0.0002 1.0000 -0.0007
vn 0.7573 -0.0000 0.6531
vn 0.4977 -0.0000 0.8673
vn 0.7573 -0.0000 0.6530
vn -0.9856 -0.0000 0.1691
vn -0.0018 1.0000 0.0095
vn -0.0031 1.0000 0.0086
vn -0.4025 0.3265 0.8552
vn -0.4026 0.3265 0.8552
vn -0.0556 -0.0000 0.9985
vn -0.0570 0.0003 0.9984
vn -0.0570 0.0008 0.9984
vn -0.3603 0.0008 0.9328
vn -0.7329 -0.0000 0.6803
vn -0.4893 -0.0000 0.8721
vn -0.7337 0.0006 0.6794
vn -0.4893 0.0008 0.8721
vn -0.7337 0.0005 0.6794
vn -0.0549 -0.0000 0.9985
vn -0.7346 -0.0000 0.6785
vn 0.5002 -0.0001 0.8659
vn 0.5002 -0.0000 0.8659
vn -0.9861 0.0001 0.1663
vn -0.9861 -0.0000 0.1663
vn -0.4257 -0.0268 0.9045
vn -0.9048 -0.0001 -0.4258
vn -0.4258 -0.0268 0.9044
vn -0.4257 -0.0264 0.9045
vn -0.4257 -0.0263 0.9045
vn -0.0402 -0.9955 0.0854
vn 0.0113 -0.9996 -0.0241
vn -0.1924 -0.8921 0.4088
vn -0.3525 -0.5611 0.7490
vn -0.3525 -0.5611 0.7489
vn -0.4142 -0.2328 0.8799
vn -0.4250 -0.0636 0.9029
vn 0.4001 0.3426 -0.8500
vn 0.2815 0.7505 -0.5980
vn 0.0939 0.9754 -0.1995
vn -0.4257 -0.0268 0.9044
vn -0.0544 -0.9918 0.1155
vn -0.2166 -0.8610 0.4601
vn -0.3625 -0.5250 0.7701
vn -0.4149 -0.2254 0.8815
vn -0.4251 -0.0624 0.9030
vn 0.4251 0.0625 -0.9030
vn 0.3616 0.5284 -0.7682
vn 0.3518 0.5640 -0.7471
vn 0.2175 0.8598 -0.4620
vn 0.0563 0.9912 -0.1196
vn 0.0418 0.9952 -0.0887
vn -0.4257 -0.0267 0.9044
vn 0.6399 -0.0000 0.7684
vn 0.6400 -0.0000 0.7684
vn -0.4257 -0.0260 0.9045
vn -0.3196 0.6609 0.6790
vn 0.3195 -0.6611 -0.6788
vn 0.4204 -0.1602 -0.8931
vn 0.4040 -0.3163 -0.8583
vn 0.1347 -0.9487 -0.2861
vn 0.0682 -0.9871 -0.1449
vn 0.4016 -0.3333 -0.8530
vn 0.3523 -0.5618 -0.7485
vn 0.1894 -0.8956 -0.4025
vn 0.1895 -0.8956 -0.4025
vn 0.0422 -0.9951 -0.0897
vn -0.0024 -1.0000 0.0052
vn 0.4198 -0.1691 -0.8918
vn 0.3784 -0.4591 -0.8038
vn 0.2058 -0.8755 -0.4372
vn -0.2058 -0.8755 0.4372
vn -0.3784 -0.4591 0.8038
vn -0.4198 -0.1691 0.8918
vn 0.0024 -1.0000 -0.0052
vn -0.0429 -0.9949 0.0910
vn -0.1908 -0.8940 0.4054
vn -0.3536 -0.5576 0.7511
vn -0.4146 -0.2286 0.8808
vn -0.4250 -0.0635 0.9030
vn -0.4250 -0.0635 0.9029
vn 0.0005 1.0000 -0.0003
vn 0.0002 1.0000 -0.0003
vn 0.0004 1.0000 -0.0006
vn 0.0008 1.0000 -0.0003
vn -0.0042 1.0000 0.0081
vn -0.0044 1.0000 0.0083
vn -0.0062 1.0000 0.0074
vn 0.0001 1.0000 -0.0004
vn -0.0002 1.0000 -0.0007
vn 0.0001 1.0000 -0.0007
vn -0.4026 0.3264 0.8552
vn -0.4026 0.3262 0.8553
vn -0.4199 0.1649 0.8925
vn -0.4260 -0.0000 0.9047
vn -0.3659 -0.0000 0.9306
vn -0.3603 -0.0000 0.9328
vn -0.4264 -0.0002 0.9045
vn 0.6402 -0.0000 0.7682
vn -0.4259 -0.0003 0.9048
vn -0.3915 -0.1331 0.9105
vn -0.3950 -0.0000 0.9187
vn -0.3910 -0.1332 0.9107
vn -0.0572 -0.0000 0.9984
vn -0.0570 -0.0000 0.9984
vn -0.0549 -0.0001 0.9985
vn 0.5002 0.0002 0.8659
vn 0.9612 0.0216 0.2750
vn 0.9564 0.0628 0.2851
vn 0.9452 0.0463 0.3233
vn 0.9487 0.0159 0.3158
vn 0.9473 0.0994 0.3044
vn 0.9385 0.0732 0.3375
vn 0.9345 0.1291 0.3316
vn 0.9290 0.0951 0.3576
vn 0.9189 0.1501 0.3649
vn 0.9175 0.1105 0.3821
vn 0.9014 0.1608 0.4019
vn 0.9047 0.1184 0.4093
vn 0.8834 0.1606 0.4402
vn 0.8914 0.1183 0.4375
vn 0.8660 0.1494 0.4771
vn 0.8786 0.1101 0.4647
vn 0.8661 0.1494 0.4771
vn 0.8505 0.1281 0.5102
vn 0.8671 0.0944 0.4891
vn 0.8378 0.0980 0.5371
vn 0.8578 0.0722 0.5089
vn 0.8289 0.0612 0.5561
vn 0.8512 0.0451 0.5229
vn 0.8243 0.0207 0.5658
vn 0.8479 0.0153 0.5300
vn 0.8230 -0.0000 0.5680
vn 0.8490 -0.0000 0.5284
vn -0.9047 -0.0000 -0.4261
vn -0.4258 -0.0000 0.9048
vn 0.4841 -0.0000 -0.8750
vn -0.7346 0.0001 0.6785
vn 0.9622 -0.0000 0.2723
vn 0.9482 -0.0000 0.3176
vn 0.1545 0.9879 0.0141
vn 0.1500 0.9879 -0.0396
vn 0.1274 0.9879 -0.0885
vn 0.1093 0.9879 0.1101
vn 0.0894 0.9879 -0.1267
vn 0.0407 0.9879 -0.1497
vn -0.0650 0.9879 -0.1408
vn -0.0130 0.9879 -0.1546
vn -0.1093 0.9879 -0.1101
vn -0.1403 0.9879 -0.0661
vn -0.1500 0.9879 0.0396
vn -0.1545 0.9879 -0.0141
vn -0.1274 0.9879 0.0885
vn -0.0894 0.9879 0.1267
vn 0.0130 0.9879 0.1546
vn -0.0407 0.9879 0.1497
vn 0.0650 0.9879 0.1408
vn 0.1403 0.9879 0.0661
vn 0.6341 0.7133 0.2985
vn 0.8901 0.1793 0.4190
vn 0.9797 0.1793 0.0893
vn 0.6979 0.7133 0.0636
vn 0.9512 0.1793 -0.2512
vn 0.6776 0.7133 -0.1789
vn 0.8079 0.1793 -0.5614
vn 0.5755 0.7133 -0.3999
vn 0.5672 0.1793 -0.8038
vn 0.4040 0.7134 -0.5726
vn 0.4040 0.7133 -0.5726
vn 0.2581 0.1793 -0.9493
vn 0.1838 0.7133 -0.6763
vn -0.0822 0.1793 -0.9804
vn -0.0586 0.7133 -0.6984
vn -0.4125 0.1793 -0.8931
vn -0.2939 0.7133 -0.6362
vn -0.6931 0.1793 -0.6982
vn -0.4938 0.7133 -0.4973
vn -0.8901 0.1793 -0.4190
vn -0.6341 0.7133 -0.2985
vn -0.9797 0.1793 -0.0893
vn -0.6979 0.7133 -0.0636
vn -0.9512 0.1793 0.2512
vn -0.6776 0.7133 0.1789
vn -0.8079 0.1793 0.5614
vn -0.5755 0.7133 0.3999
vn -0.5672 0.1793 0.8038
vn -0.4040 0.7134 0.5726
vn -0.4040 0.7133 0.5726
vn -0.2581 0.1793 0.9493
vn -0.1838 0.7133 0.6763
vn 0.0822 0.1793 0.9804
vn 0.0586 0.7133 0.6984
vn 0.4125 0.1793 0.8931
vn 0.2939 0.7133 0.6362
vn 0.6931 0.1793 0.6982
vn 0.4938 0.7133 0.4973
vn -0.9848 0.1736 -0.0001
vn -0.8660 0.5000 -0.0000
vn -0.9848 0.1736 -0.0000
vn -0.6428 0.7660 -0.0000
vn -0.3420 0.9397 -0.0000
vn 0.3420 0.9397 -0.0000
vn 0.6428 0.7660 -0.0000
vn 0.8660 0.5000 -0.0000
vn 0.9848 0.1736 -0.0000
vn 1.0000 -0.0000 -0.0000
vn -0.0000 -0.0000 -1.0000
vn -0.5967 0.8024 -0.0000
vn 0.5967 0.8024 -0.0000
vn 0.9848 0.1736 0.0001
vn -0.8646 0.5025 -0.0000
vn -0.6425 0.3733 -0.6692
vn -0.7623 0.6473 -0.0000
vn -0.6957 0.5905 -0.4090
vn -0.6425 0.3732 -0.6692
vn -0.3695 0.9292 -0.0000
vn -0.5000 0.8660 -0.0000
vn -0.1737 0.9848 -0.0000
vn 0.3695 0.9292 -0.0000
vn 0.1737 0.9848 -0.0000
vn 0.5000 0.8660 -0.0000
vn 0.7622 0.6473 -0.0000
vn 0.8646 0.5025 -0.0000
vn 0.6423 0.3733 -0.6694
vn 0.6956 0.5907 -0.4090
vn 0.6422 0.3734 -0.6694
vn 0.0013 -0.0005 -1.0000
vn 0.0007 -0.0013 -1.0000
vn -0.6428 -0.7661 -0.0000
vn -0.0011 -0.0009 -1.0000
vn -0.0013 -0.0005 -1.0000
vn -0.0014 -0.0000 -1.0000
vn 0.6428 -0.7661 -0.0000
vn -0.0000 0.9916 -0.1295
vn -0.2136 -0.0000 -0.9769
vn -0.2255 -0.0000 -0.9742
vn 0.2255 -0.0000 -0.9742
vn 0.2136 -0.0000 -0.9769
vn 0.2804 -0.0000 -0.9599
vn -0.0008 -0.0013 -1.0000
vn 0.0003 -0.0005 -1.0000
vn -0.2803 -0.0002 -0.9599
vn 0.0004 -0.0004 -1.0000
vn 0.0009 -0.0000 -1.0000
vn -0.2251 -0.0000 -0.9743
vn -0.0002 -0.0001 -1.0000
vn 0.2253 -0.0000 -0.9743
vn 0.6956 0.5906 -0.4090
vn 0.9959 -0.0000 0.0908
vn 0.9669 -0.0000 -0.2553
vn 0.8212 -0.0000 -0.5706
vn 0.5765 -0.0000 -0.8171
vn 0.2623 -0.0000 -0.9650
vn -0.0835 -0.0000 -0.9965
vn -0.4193 -0.0000 -0.9078
vn -0.7045 -0.0000 -0.7097
vn -0.9959 -0.0000 -0.0908
vn -0.9669 -0.0000 0.2553
vn -0.8212 -0.0000 0.5706
vn -0.5765 -0.0000 0.8171
vn -0.2623 -0.0000 0.9650
vn 0.0835 -0.0000 0.9965
vn 0.4193 -0.0000 0.9078
vn 0.7045 -0.0000 0.7097
vn -1.0000 -0.0000 -0.0000
vn -0.0000 -0.0000 1.0000
vn 0.0014 -0.0000 -1.0000
vn -0.0006 -0.0001 -1.0000
vn -0.0002 -0.0000 -1.0000
vn -0.4187 -0.1836 0.8894
vn -0.4259 -0.0005 0.9048
vn 0.4250 -0.0637 -0.9029
vn 0.4138 -0.2364 -0.8791
vn 0.4139 -0.2364 -0.8791
vn -0.0393 -0.9957 0.0836
vn 0.0114 -0.9996 -0.0241
vn -0.3581 -0.5412 0.7608
vn -0.4080 -0.2866 0.8668
vn -0.4259 -0.0006 0.9048
vn 0.3508 -0.5666 -0.7456
vn 0.4135 -0.2395 -0.8784
vn 0.3509 -0.5666 -0.7455
vn 0.1947 -0.8893 -0.4138
vn 0.1948 -0.8893 -0.4138
vn 0.0431 -0.9949 -0.0916
vn 0.0417 -0.9952 -0.0887
vn -0.0111 -0.9997 0.0235
vn -0.2074 -0.8736 0.4403
vn -0.2073 -0.8736 0.4403
vn 0.2072 -0.8736 -0.4403
vn 0.2073 -0.8736 -0.4403
vn -0.3023 -0.7043 0.6423
vn -0.4221 0.1330 0.8967
vn 0.3023 -0.7044 -0.6422
vn 0.2074 -0.8736 -0.4403
vn 0.4221 0.1329 -0.8967
vn 0.9048 0.0002 0.4259
vn 0.9047 -0.0001 0.4260
vn 0.4250 -0.0634 -0.9030
vn 0.4154 -0.2206 -0.8825
vn 0.3555 -0.5509 -0.7551
vn 0.3554 -0.5509 -0.7551
vn 0.1878 -0.8976 -0.3989
vn 0.1879 -0.8976 -0.3989
vn 0.0410 -0.9954 -0.0870
vn -0.0409 -0.9954 0.0868
vn -0.1868 -0.8986 0.3969
vn -0.1868 -0.8987 0.3969
vn -0.3540 -0.5561 0.7520
vn -0.4146 -0.2288 0.8808
vn -0.4249 -0.0677 0.9027
vn 0.4249 0.0677 -0.9027
vn 0.4146 0.2288 -0.8808
vn 0.3540 0.5561 -0.7520
vn 0.1868 0.8987 -0.3969
vn 0.0409 0.9954 -0.0868
vn -0.1442 0.9411 0.3060
vn -0.0410 0.9954 0.0870
vn -0.1878 0.8976 0.3989
vn -0.1877 0.8976 0.3989
vn -0.3555 0.5509 0.7551
vn -0.3554 0.5509 0.7551
vn -0.4154 0.2206 0.8825
vn -0.4250 0.0634 0.9030
vn -0.4251 0.0634 0.9029
vn 0.0630 -0.9890 -0.1339
vn -0.0467 -0.9940 0.0992
vn -0.3973 -0.3599 0.8442
vn -0.1533 -0.9330 0.3257
vn -0.3866 -0.1662 0.9072
vn -0.4206 -0.1646 0.8922
vn -0.4263 0.0002 0.9046
vn -0.3603 -0.0008 0.9328
vn 0.4250 -0.0635 -0.9030
vn 0.4250 -0.0635 -0.9029
vn 0.4146 -0.2286 -0.8808
vn -0.3523 -0.5618 0.7485
vn -0.4015 -0.3333 0.8530
vn -0.1894 -0.8956 0.4025
vn -0.0422 -0.9951 0.0897
vn -0.1895 -0.8956 0.4025
vn 0.3517 -0.5640 -0.7471
vn 0.3708 -0.4921 -0.7876
vn 0.1937 -0.8906 -0.4115
vn 0.1608 -0.9259 -0.3417
vn 0.1609 -0.9259 -0.3417
vn 0.0429 -0.9949 -0.0910
vn -0.0001 -1.0000 -0.0001
vn -0.0001 -1.0000 -0.0000
vn -0.3023 -0.7044 0.6422
vn 0.3783 -0.4591 -0.8038
vn 0.4198 -0.1691 -0.8917
vn -0.0683 -0.9871 0.1451
vn -0.1348 -0.9486 0.2864
vn 0.3536 -0.5576 -0.7511
vn 0.1908 -0.8940 -0.4054
vn 0.3536 -0.5576 -0.7510
vn 0.3535 -0.5576 -0.7511
vn -0.2057 -0.8755 0.4373
vn -0.3785 -0.4591 0.8037
vn -0.4198 -0.1691 0.8917
vn -0.4259 -0.0004 0.9048
vn 0.4250 -0.0639 -0.9029
vn -0.3582 -0.5412 0.7608
vn -0.0394 -0.9957 0.0836
vn -0.0108 -0.9997 0.0229
vn 0.0001 -1.0000 -0.0000
vn 0.3023 -0.7043 -0.6422
vn 0.4222 0.1327 -0.8968
vn -0.3974 -0.3599 0.8441
vn 0.9047 -0.0000 0.4259
vn -0.9047 0.0001 -0.4261
vn -0.4177 0.1951 0.8874
vn -0.3541 0.5556 0.7523
vn -0.2366 0.8315 0.5027
vn -0.0831 0.9808 0.1765
vn 0.0831 0.9808 -0.1765
vn 0.2366 0.8315 -0.5027
vn 0.3541 0.5556 -0.7523
vn 0.4177 0.1951 -0.8874
vn 0.3925 -0.3877 -0.8340
vn 0.4221 -0.1332 -0.8967
vn 0.3926 -0.3877 -0.8340
vn 0.3365 -0.6131 -0.7148
vn 0.2574 -0.7967 -0.5469
vn 0.2574 -0.7967 -0.5468
vn 0.0533 -0.9921 -0.1132
vn -0.0580 -0.9907 0.1230
vn -0.0579 -0.9907 0.1230
vn -0.1651 -0.9218 0.3508
vn -0.2611 -0.7900 0.5547
vn -0.3393 -0.6044 0.7208
vn -0.3944 -0.3777 0.8378
vn -0.3944 -0.3776 0.8378
vn -0.4224 -0.1278 0.8974
vn 0.4513 -0.3869 -0.8042
vn 0.4513 -0.3869 -0.8041
vn 0.4808 -0.1329 -0.8667
vn 0.3953 -0.6117 -0.6852
vn 0.3164 -0.7949 -0.5176
vn 0.3164 -0.7950 -0.5176
vn 0.2201 -0.9239 -0.3129
vn 0.1127 -0.9900 -0.0849
vn 0.1128 -0.9900 -0.0849
vn 0.0018 -0.9886 0.1508
vn -0.1052 -0.9198 0.3781
vn -0.2010 -0.7883 0.5815
vn -0.2790 -0.6031 0.7473
vn -0.3339 -0.3768 0.8640
vn -0.3619 -0.1276 0.9234
vn -0.3619 -0.1275 0.9234
vn -0.4224 -0.1278 0.8973
vn 0.9047 0.0001 0.4259
vn -0.9047 0.0002 -0.4260
vn -0.9048 -0.0004 -0.4259
vn -0.9047 -0.0001 -0.4259
vn -0.3910 0.1332 0.9107
vn -0.3915 0.1331 0.9105
vn -0.3615 0.3875 0.8480
vn -0.3620 0.3875 0.8478
vn -0.3054 0.6127 0.7289
vn -0.3059 0.6127 0.7287
vn -0.3060 0.6127 0.7287
vn -0.2264 0.7962 0.5611
vn -0.2270 0.7962 0.5608
vn -0.1299 0.9254 0.3560
vn -0.1305 0.9254 0.3557
vn -0.1305 0.9254 0.3558
vn -0.0224 0.9916 0.1277
vn -0.0230 0.9916 0.1274
vn 0.0887 0.9901 -0.1084
vn 0.0882 0.9902 -0.1086
vn 0.1959 0.9212 -0.3361
vn 0.1954 0.9212 -0.3364
vn 0.2918 0.7896 -0.5398
vn 0.2913 0.7896 -0.5401
vn 0.3700 0.6041 -0.7058
vn 0.3694 0.6041 -0.7061
vn 0.4250 0.3774 -0.8228
vn 0.4245 0.3774 -0.8231
vn 0.4244 0.3774 -0.8231
vn 0.4530 0.1278 -0.8823
vn 0.4524 0.1277 -0.8826
vn 0.4530 0.1277 -0.8823
vn 0.4525 0.1278 -0.8826
vn -0.4199 -0.1649 0.8924
vn -0.4528 -0.1667 0.8759
vn -0.4893 -0.0002 0.8721
vn -0.4258 0.0005 0.9048
vn 0.2059 -0.8755 -0.4372
vn 0.3785 -0.4591 -0.8037
vn 0.0001 1.0000 -0.0003
vn -0.0001 1.0000 -0.0008
vn -0.0000 -1.0000 -0.0008
vn -0.0027 -1.0000 0.0072
vn -0.0002 -1.0000 -0.0010
vn 0.0002 -1.0000 -0.0008
vn 0.0002 -1.0000 -0.0007
vn 0.0005 -1.0000 -0.0006
vn 0.0009 -1.0000 -0.0005
vn -0.0031 -1.0000 0.0086
vn -0.0018 -1.0000 0.0095
vn -0.4025 -0.3265 0.8552
vn 0.0008 -1.0000 -0.0002
vn 0.0001 -1.0000 -0.0007
vn -0.4026 -0.3265 0.8552
vn -0.0570 -0.0003 0.9984
vn -0.0556 -0.0005 0.9985
vn -0.7337 -0.0000 0.6794
vn -0.4893 -0.0003 0.8721
vn -0.7337 -0.0006 0.6794
vn -0.7329 -0.0008 0.6803
vn -0.4257 0.0268 0.9045
vn -0.4258 0.0268 0.9044
vn -0.4257 0.0262 0.9045
vn -0.4257 0.0263 0.9045
vn -0.0402 0.9955 0.0854
vn 0.0113 0.9996 -0.0241
vn -0.1924 0.8921 0.4088
vn -0.3525 0.5611 0.7489
vn -0.3525 0.5611 0.7490
vn -0.4142 0.2328 0.8799
vn -0.4250 0.0636 0.9029
vn 0.4001 -0.3426 -0.8500
vn 0.2815 -0.7505 -0.5980
vn 0.1609 -0.9259 -0.3418
vn 0.0939 -0.9754 -0.1995
vn -0.4257 0.0268 0.9044
vn -0.0544 0.9918 0.1155
vn -0.2166 0.8610 0.4601
vn -0.3625 0.5250 0.7701
vn -0.4149 0.2254 0.8815
vn -0.4251 0.0624 0.9030
vn 0.4251 -0.0625 -0.9030
vn 0.3616 -0.5284 -0.7682
vn 0.2175 -0.8598 -0.4620
vn 0.0563 -0.9912 -0.1196
vn -0.4257 0.0267 0.9044
vn -0.4258 0.0259 0.9045
vn -0.3196 -0.6609 0.6790
vn 0.3195 0.6610 -0.6789
vn 0.4204 0.1602 -0.8931
vn 0.4040 0.3163 -0.8583
vn 0.1347 0.9487 -0.2861
vn 0.0682 0.9871 -0.1449
vn 0.4016 0.3333 -0.8530
vn 0.3523 0.5618 -0.7485
vn 0.1894 0.8956 -0.4025
vn 0.1895 0.8956 -0.4025
vn 0.0422 0.9951 -0.0897
vn 0.4198 0.1691 -0.8918
vn -0.4198 0.1691 0.8918
vn -0.0429 0.9949 0.0910
vn -0.0428 0.9949 0.0910
vn -0.3536 0.5576 0.7511
vn -0.4146 0.2286 0.8808
vn -0.4250 0.0635 0.9030
vn -0.4250 0.0635 0.9029
vn 0.0002 -1.0000 -0.0000
vn 0.0011 -1.0000 -0.0003
vn -0.0001 -1.0000 -0.0003
vn -0.0062 -1.0000 0.0074
vn -0.0044 -1.0000 0.0083
vn -0.0042 -1.0000 0.0081
vn 0.0001 -1.0000 -0.0004
vn -0.0002 -1.0000 -0.0007
vn -0.4026 -0.3264 0.8552
vn -0.4026 -0.3262 0.8553
vn -0.4264 0.0002 0.9045
vn -0.4259 0.0003 0.9048
vn 0.4258 -0.0000 -0.9048
vn -0.3910 0.1331 0.9107
vn -0.3915 0.1332 0.9105
vn 0.9612 -0.0216 0.2750
vn 0.9487 -0.0159 0.3158
vn 0.9452 -0.0463 0.3233
vn 0.9564 -0.0628 0.2851
vn 0.9385 -0.0732 0.3375
vn 0.9473 -0.0994 0.3044
vn 0.9290 -0.0951 0.3576
vn 0.9345 -0.1291 0.3316
vn 0.9175 -0.1105 0.3821
vn 0.9189 -0.1501 0.3649
vn 0.9047 -0.1184 0.4093
vn 0.9014 -0.1608 0.4019
vn 0.8914 -0.1183 0.4375
vn 0.8834 -0.1606 0.4402
vn 0.8786 -0.1101 0.4647
vn 0.8660 -0.1494 0.4771
vn 0.8661 -0.1494 0.4771
vn 0.8671 -0.0944 0.4891
vn 0.8505 -0.1281 0.5102
vn 0.8578 -0.0722 0.5089
vn 0.8378 -0.0980 0.5371
vn 0.8512 -0.0451 0.5229
vn 0.8289 -0.0612 0.5561
vn 0.8479 -0.0153 0.5300
vn 0.8243 -0.0207 0.5658
vn 0.1093 -0.9879 0.1101
vn 0.0650 -0.9879 0.1408
vn 0.0130 -0.9879 0.1546
vn 0.1274 -0.9879 -0.0885
vn -0.0407 -0.9879 0.1497
vn -0.0894 -0.9879 0.1267
vn -0.1500 -0.9879 0.0396
vn -0.1274 -0.9879 0.0885
vn -0.1545 -0.9879 -0.0141
vn -0.1403 -0.9879 -0.0661
vn -0.0650 -0.9879 -0.1408
vn -0.1093 -0.9879 -0.1101
vn -0.0130 -0.9879 -0.1546
vn 0.0407 -0.9879 -0.1497
vn 0.0894 -0.9879 -0.1267
vn 0.1500 -0.9879 -0.0396
vn 0.1545 -0.9879 0.0141
vn 0.1403 -0.9879 0.0661
vn 0.6341 -0.7133 0.2985
vn 0.6979 -0.7133 0.0636
vn 0.9797 -0.1793 0.0893
vn 0.8901 -0.1793 0.4190
vn 0.6776 -0.7133 -0.1789
vn 0.9512 -0.1793 -0.2512
vn 0.5755 -0.7133 -0.3999
vn 0.8079 -0.1793 -0.5614
vn 0.4040 -0.7133 -0.5726
vn 0.5672 -0.1793 -0.8038
vn 0.1838 -0.7133 -0.6763
vn 0.2581 -0.1793 -0.9493
vn -0.0586 -0.7133 -0.6984
vn -0.0822 -0.1793 -0.9804
vn -0.2939 -0.7133 -0.6362
vn -0.4125 -0.1793 -0.8931
vn -0.4938 -0.7133 -0.4973
vn -0.6931 -0.1793 -0.6982
vn -0.6341 -0.7133 -0.2985
vn -0.8901 -0.1793 -0.4190
vn -0.6979 -0.7133 -0.0636
vn -0.9797 -0.1793 -0.0893
vn -0.6776 -0.7133 0.1789
vn -0.9512 -0.1793 0.2512
vn -0.5755 -0.7133 0.3999
vn -0.8079 -0.1793 0.5614
vn -0.4040 -0.7134 0.5726
vn -0.5672 -0.1793 0.8038
vn -0.4040 -0.7133 0.5726
vn -0.1838 -0.7133 0.6763
vn -0.2581 -0.1793 0.9493
vn 0.0586 -0.7133 0.6984
vn 0.0822 -0.1793 0.9804
vn 0.2939 -0.7133 0.6362
vn 0.4125 -0.1793 0.8931
vn 0.4938 -0.7133 0.4973
vn 0.6931 -0.1793 0.6982
vn -0.9848 -0.1736 -0.0000
vn -0.9848 -0.1736 0.0001
vn -0.8660 -0.5000 -0.0000
vn -0.6428 -0.7660 -0.0000
vn -0.3420 -0.9397 -0.0000
vn 0.6428 -0.7660 -0.0000
vn 0.8660 -0.5000 -0.0000
vn 0.9848 -0.1736 -0.0000
vn -0.5967 -0.8024 -0.0000
vn 0.5967 -0.8024 -0.0000
vn 0.9848 -0.1736 -0.0001
vn -0.6425 -0.3733 -0.6692
vn -0.8646 -0.5025 -0.0000
vn -0.6425 -0.3732 -0.6692
vn -0.6957 -0.5905 -0.4090
vn -0.7623 -0.6473 -0.0000
vn -0.5000 -0.8660 -0.0000
vn -0.3695 -0.9292 -0.0000
vn -0.1737 -0.9848 -0.0000
vn 0.1737 -0.9848 -0.0000
vn 0.3695 -0.9292 -0.0000
vn 0.5000 -0.8660 -0.0000
vn 0.7622 -0.6473 -0.0000
vn 0.6956 -0.5907 -0.4090
vn 0.6423 -0.3733 -0.6694
vn 0.8646 -0.5025 -0.0000
vn 0.6422 -0.3734 -0.6694
vn 0.0013 0.0005 -1.0000
vn 0.0007 0.0012 -1.0000
vn 0.0001 0.0001 -1.0000
vn -0.6428 0.7661 -0.0000
vn -0.0011 0.0009 -1.0000
vn -0.0013 0.0005 -1.0000
vn 0.6428 0.7661 -0.0000
vn -0.0000 -0.9916 -0.1295
vn -0.0008 0.0013 -1.0000
vn -0.2803 0.0002 -0.9599
vn 0.0003 0.0005 -1.0000
vn 0.0004 0.0004 -1.0000
vn -0.0002 0.0001 -1.0000
vn 0.6956 -0.5906 -0.4090
vn -0.0006 0.0001 -1.0000
vn 0.0001 -1.0000 -0.0003
vn -0.0001 -1.0000 -0.0008
vt 0.041900 0.704000
vt 0.041900 0.759000
vt 0.033600 0.759100
vt 0.033600 0.704000
vt 0.180300 0.111000
vt 0.180300 0.119300
vt 0.112100 0.119600
vt 0.112000 0.111200
vt 0.211600 0.576300
vt 0.211600 0.525700
vt 0.219600 0.525700
vt 0.219600 0.576300
vt 0.087000 0.730100
vt 0.074700 0.726100
vt 0.067300 0.717700
vt 0.067100 0.647200
vt 0.064700 0.705000
vt 0.064100 0.650200
vt 0.147500 0.648600
vt 0.148400 0.737900
vt 0.033600 0.666400
vt 0.041900 0.666400
vt 0.041900 0.680400
vt 0.033600 0.680400
vt 0.033600 0.649200
vt 0.041900 0.649200
vt 0.033600 0.632100
vt 0.041900 0.632100
vt 0.219600 0.730600
vt 0.211600 0.730600
vt 0.211600 0.703200
vt 0.219600 0.703200
vt 0.208400 0.110900
vt 0.208400 0.119200
vt 0.189600 0.790600
vt 0.197700 0.790600
vt 0.197700 0.808800
vt 0.189600 0.808800
vt 0.189600 0.770600
vt 0.197700 0.770600
vt 0.189600 0.752200
vt 0.197700 0.752200
vt 0.060400 0.111300
vt 0.060300 0.119700
vt 0.008900 0.119700
vt 0.009000 0.111300
vt 0.063300 0.563000
vt 0.065300 0.552400
vt 0.071400 0.545300
vt 0.146400 0.533000
vt 0.081700 0.541800
vt 0.147200 0.622300
vt 0.063800 0.617900
vt 0.066900 0.621000
vt 0.173300 0.532700
vt 0.174200 0.622100
vt 0.064000 0.644100
vt 0.063800 0.624000
vt 0.061000 0.646600
vt 0.050300 0.634200
vt 0.056400 0.645700
vt 0.051900 0.641200
vt 0.051700 0.627100
vt 0.056200 0.622500
vt 0.060800 0.621500
vt 0.199000 0.719200
vt 0.207000 0.719200
vt 0.207000 0.732200
vt 0.199000 0.732200
vt 0.033600 0.539400
vt 0.041900 0.539400
vt 0.041900 0.552400
vt 0.033600 0.552400
vt 0.199000 0.706100
vt 0.207000 0.706100
vt 0.199000 0.703200
vt 0.207000 0.703200
vt 0.033600 0.526300
vt 0.041900 0.526300
vt 0.503900 0.691700
vt 0.316400 0.936200
vt 0.315400 0.941000
vt 0.312800 0.943600
vt 0.303200 0.943600
vt 0.308000 0.944600
vt 0.300600 0.941000
vt 0.299700 0.936200
vt 0.293500 0.931100
vt 0.322600 0.931100
vt 0.724200 0.904000
vt 0.659600 0.894400
vt 0.660700 0.890000
vt 0.724600 0.899500
vt 0.649400 0.890900
vt 0.652000 0.887000
vt 0.643300 0.883800
vt 0.647500 0.881800
vt 0.641300 0.873200
vt 0.645900 0.872800
vt 0.641200 0.818400
vt 0.645800 0.816700
vt 0.638200 0.814700
vt 0.640600 0.810500
vt 0.633600 0.813900
vt 0.635800 0.809600
vt 0.629000 0.809500
vt 0.633200 0.807100
vt 0.627300 0.802400
vt 0.632000 0.802300
vt 0.628700 0.795300
vt 0.632900 0.797400
vt 0.633000 0.790600
vt 0.635400 0.794800
vt 0.637600 0.789600
vt 0.640200 0.793700
vt 0.640500 0.785800
vt 0.645100 0.787300
vt 0.638400 0.731000
vt 0.643000 0.731300
vt 0.640400 0.718200
vt 0.644700 0.720100
vt 0.647400 0.709500
vt 0.650200 0.713300
vt 0.659600 0.704900
vt 0.660800 0.709300
vt 0.720400 0.694300
vt 0.720900 0.698800
vt 0.747300 0.693300
vt 0.747500 0.697900
vt 0.339600 0.795600
vt 0.339600 0.730200
vt 0.387000 0.730200
vt 0.387000 0.795600
vt 0.339600 0.719400
vt 0.387000 0.719400
vt 0.339600 0.710100
vt 0.387000 0.710100
vt 0.339600 0.699200
vt 0.387000 0.699200
vt 0.339600 0.644400
vt 0.387000 0.644400
vt 0.339600 0.639700
vt 0.387000 0.639700
vt 0.339600 0.635000
vt 0.387000 0.635000
vt 0.339600 0.628600
vt 0.387000 0.628600
vt 0.339600 0.621400
vt 0.387000 0.621400
vt 0.339600 0.614100
vt 0.387000 0.614100
vt 0.339600 0.607700
vt 0.387000 0.607700
vt 0.339600 0.603000
vt 0.387000 0.603000
vt 0.339600 0.598300
vt 0.387000 0.598300
vt 0.339600 0.543500
vt 0.387000 0.543500
vt 0.339600 0.530500
vt 0.387000 0.530500
vt 0.339600 0.519300
vt 0.387000 0.519300
vt 0.339600 0.506300
vt 0.387000 0.506300
vt 0.339600 0.444500
vt 0.387000 0.444500
vt 0.339600 0.417600
vt 0.387000 0.417600
vt 0.396100 0.444200
vt 0.396100 0.505300
vt 0.387000 0.505300
vt 0.387000 0.444200
vt 0.396100 0.516600
vt 0.387000 0.516600
vt 0.396100 0.525300
vt 0.387000 0.525300
vt 0.396100 0.536600
vt 0.387000 0.536600
vt 0.396100 0.592600
vt 0.387000 0.592600
vt 0.396100 0.600600
vt 0.387000 0.600600
vt 0.396100 0.605600
vt 0.387000 0.605600
vt 0.396100 0.609200
vt 0.387000 0.609200
vt 0.396100 0.614100
vt 0.396100 0.619100
vt 0.387000 0.619100
vt 0.396100 0.622700
vt 0.387000 0.622700
vt 0.396100 0.627600
vt 0.387000 0.627600
vt 0.396100 0.635700
vt 0.387000 0.635700
vt 0.396100 0.691700
vt 0.387000 0.691700
vt 0.396100 0.700800
vt 0.387000 0.700800
vt 0.396100 0.707700
vt 0.387000 0.707700
vt 0.396100 0.716800
vt 0.387000 0.716800
vt 0.396100 0.781400
vt 0.387000 0.781400
vt 0.396100 0.808100
vt 0.387000 0.808100
vt 0.147900 0.745000
vt 0.085500 0.737000
vt 0.080000 0.535000
vt 0.145900 0.525900
vt 0.067500 0.539500
vt 0.058900 0.549300
vt 0.056300 0.562400
vt 0.057100 0.615500
vt 0.052800 0.616300
vt 0.045500 0.623700
vt 0.043200 0.634200
vt 0.045700 0.644700
vt 0.053200 0.652000
vt 0.057500 0.652700
vt 0.057700 0.705800
vt 0.060900 0.720900
vt 0.070800 0.732000
vt 0.682900 0.857400
vt 0.744100 0.849100
vt 0.749400 0.858600
vt 0.683300 0.864500
vt 0.766300 0.768900
vt 0.769300 0.765200
vt 0.772900 0.771300
vt 0.769300 0.740200
vt 0.766300 0.736500
vt 0.772900 0.734100
vt 0.041900 0.685700
vt 0.033600 0.685700
vt 0.148000 0.751600
vt 0.085600 0.744200
vt 0.093600 0.752100
vt 0.087600 0.750200
vt 0.175300 0.744700
vt 0.175400 0.751300
vt 0.033600 0.694800
vt 0.041900 0.694800
vt 0.493300 0.536300
vt 0.438500 0.536600
vt 0.437800 0.408000
vt 0.492200 0.407700
vt 0.437800 0.206200
vt 0.504200 0.206200
vt 0.504200 0.407700
vt 0.437800 0.407700
vt 0.033600 0.581500
vt 0.041900 0.581500
vt 0.304300 0.619000
vt 0.319800 0.619000
vt 0.319800 0.820500
vt 0.304300 0.820500
vt 0.289400 0.619000
vt 0.289400 0.820500
vt 0.274000 0.619000
vt 0.274000 0.820500
vt 0.095200 0.111300
vt 0.095500 0.119600
vt 0.077300 0.111300
vt 0.077100 0.119600
vt 0.544000 0.206200
vt 0.597100 0.206200
vt 0.597100 0.407700
vt 0.544000 0.407700
vt 0.033600 0.565400
vt 0.041900 0.565400
vt 0.611900 0.206200
vt 0.622600 0.206200
vt 0.622600 0.407700
vt 0.611900 0.407700
vt 0.033600 0.578500
vt 0.041900 0.578500
vt 0.601400 0.206200
vt 0.601400 0.407700
vt 0.326900 0.619000
vt 0.326900 0.820500
vt 0.333300 0.619000
vt 0.333300 0.820500
vt 0.220900 0.619000
vt 0.220900 0.417600
vt 0.274000 0.417600
vt 0.517600 0.206200
vt 0.504200 0.004900
vt 0.517600 0.004900
vt 0.530600 0.206200
vt 0.530600 0.004900
vt 0.544000 0.004900
vt 0.633300 0.206200
vt 0.622600 0.004900
vt 0.633300 0.004900
vt 0.643800 0.206200
vt 0.643800 0.004900
vt 0.648200 0.206200
vt 0.648200 0.004900
vt 0.219600 0.648200
vt 0.211600 0.648200
vt 0.189600 0.877600
vt 0.197700 0.877600
vt 0.219600 0.610600
vt 0.219600 0.624600
vt 0.211600 0.624600
vt 0.211600 0.610600
vt 0.219600 0.593400
vt 0.211600 0.593400
vt 0.189600 0.700500
vt 0.197700 0.700500
vt 0.199000 0.745200
vt 0.207000 0.745200
vt 0.199000 0.758300
vt 0.207000 0.758300
vt 0.199000 0.761300
vt 0.207000 0.761300
vt 0.219600 0.629900
vt 0.211600 0.629900
vt 0.219600 0.639000
vt 0.211600 0.639000
vt 0.756400 0.844900
vt 0.762900 0.854600
vt 0.763700 0.836500
vt 0.774200 0.841600
vt 0.766200 0.823700
vt 0.777800 0.824900
vt 0.776400 0.774200
vt 0.773900 0.764300
vt 0.779300 0.774600
vt 0.778400 0.759800
vt 0.788600 0.765400
vt 0.779900 0.752700
vt 0.791600 0.752700
vt 0.778400 0.745600
vt 0.788600 0.740100
vt 0.773900 0.741100
vt 0.779300 0.730800
vt 0.776400 0.731200
vt 0.766200 0.681700
vt 0.777800 0.680600
vt 0.764100 0.671100
vt 0.774600 0.665900
vt 0.758000 0.664100
vt 0.764400 0.654400
vt 0.747700 0.660700
vt 0.750300 0.649400
vt 0.682900 0.652400
vt 0.683600 0.640800
vt 0.655900 0.652400
vt 0.655900 0.640800
vt 0.746900 0.872300
vt 0.738400 0.875600
vt 0.750200 0.863800
vt 0.555100 0.885600
vt 0.609400 0.884500
vt 0.609500 0.889000
vt 0.554500 0.890100
vt 0.636800 0.883900
vt 0.636900 0.888500
vt 0.783400 0.890600
vt 0.848600 0.878000
vt 0.849900 0.882400
vt 0.783900 0.895100
vt 0.860900 0.872900
vt 0.863700 0.876500
vt 0.869000 0.862600
vt 0.873200 0.864400
vt 0.871000 0.849400
vt 0.875500 0.849600
vt 0.867600 0.796400
vt 0.871300 0.799100
vt 0.871900 0.795400
vt 0.874200 0.799400
vt 0.878900 0.787600
vt 0.883000 0.789600
vt 0.880600 0.777100
vt 0.885200 0.776800
vt 0.877700 0.766700
vt 0.881600 0.764300
vt 0.869900 0.759800
vt 0.871800 0.755600
vt 0.865600 0.759300
vt 0.868900 0.756200
vt 0.517900 0.786500
vt 0.518600 0.839600
vt 0.514100 0.840100
vt 0.514500 0.789500
vt 0.522100 0.854700
vt 0.518000 0.856800
vt 0.532100 0.865700
vt 0.529600 0.869500
vt 0.546800 0.870600
vt 0.543100 0.873300
vt 0.546900 0.877700
vt 0.542400 0.878500
vt 0.549100 0.883700
vt 0.545900 0.887000
vt 0.734600 0.635900
vt 0.668200 0.635400
vt 0.667700 0.630900
vt 0.734900 0.631300
vt 0.655100 0.638100
vt 0.653100 0.634000
vt 0.645200 0.646700
vt 0.641500 0.644100
vt 0.640800 0.659200
vt 0.636300 0.658200
vt 0.634100 0.711900
vt 0.631000 0.708500
vt 0.911000 0.874300
vt 0.915300 0.873600
vt 0.917400 0.877700
vt 0.914500 0.877300
vt 0.922800 0.866300
vt 0.926800 0.868500
vt 0.925200 0.855900
vt 0.929800 0.855900
vt 0.922900 0.845400
vt 0.926900 0.843200
vt 0.915600 0.838000
vt 0.917700 0.833900
vt 0.911300 0.837200
vt 0.914800 0.834300
vt 0.911900 0.784100
vt 0.916500 0.783700
vt 0.908900 0.768900
vt 0.913000 0.766900
vt 0.899200 0.757600
vt 0.901800 0.753900
vt 0.884600 0.752400
vt 0.888400 0.749800
vt 0.884700 0.745300
vt 0.889200 0.744600
vt 0.882700 0.739200
vt 0.885900 0.736000
vt 0.876700 0.737200
vt 0.877500 0.732700
vt 0.822300 0.736800
vt 0.822400 0.732300
vt 0.512200 0.688900
vt 0.498300 0.626800
vt 0.513200 0.607300
vt 0.504300 0.615600
vt 0.403700 0.852000
vt 0.395500 0.916000
vt 0.376600 0.893600
vt 0.376600 0.849300
vt 0.369400 0.904400
vt 0.374200 0.899600
vt 0.392700 0.924700
vt 0.387500 0.929300
vt 0.378600 0.931000
vt 0.321700 0.906900
vt 0.363400 0.906800
vt 0.294200 0.906900
vt 0.237500 0.931000
vt 0.249200 0.906900
vt 0.219800 0.923200
vt 0.238400 0.899600
vt 0.243200 0.904400
vt 0.226400 0.928900
vt 0.216200 0.912500
vt 0.207900 0.852000
vt 0.235900 0.849300
vt 0.235900 0.893600
vt 0.207900 0.825400
vt 0.235900 0.825400
vt 0.000600 0.792500
vt 0.000600 0.748200
vt 0.033600 0.748200
vt 0.033600 0.792500
vt 0.000600 0.741700
vt 0.033600 0.741700
vt 0.000600 0.735000
vt 0.033600 0.735000
vt 0.000600 0.728500
vt 0.033600 0.728500
vt 0.000600 0.686800
vt 0.033600 0.686800
vt 0.000600 0.659300
vt 0.033600 0.659300
vt 0.000600 0.614300
vt 0.033600 0.614300
vt 0.000600 0.607800
vt 0.033600 0.607800
vt 0.000600 0.601100
vt 0.033600 0.601100
vt 0.000600 0.594600
vt 0.033600 0.594600
vt 0.000600 0.550200
vt 0.033600 0.550200
vt 0.045800 0.812800
vt 0.045800 0.768600
vt 0.064600 0.815200
vt 0.060700 0.829300
vt 0.048300 0.762600
vt 0.071900 0.802700
vt 0.053000 0.757800
vt 0.082200 0.792400
vt 0.059000 0.755300
vt 0.094800 0.785200
vt 0.100700 0.755300
vt 0.108900 0.781500
vt 0.128200 0.755200
vt 0.123400 0.781600
vt 0.173200 0.755200
vt 0.137500 0.785400
vt 0.179200 0.757600
vt 0.150000 0.792700
vt 0.184000 0.762400
vt 0.160300 0.803000
vt 0.186500 0.768400
vt 0.167500 0.815700
vt 0.186500 0.812800
vt 0.171200 0.829700
vt 0.175400 0.675500
vt 0.180300 0.675500
vt 0.180300 0.689800
vt 0.175500 0.689800
vt 0.175400 0.661200
vt 0.180300 0.661200
vt 0.175400 0.646900
vt 0.180300 0.646900
vt 0.175400 0.632600
vt 0.180300 0.632600
vt 0.175400 0.618300
vt 0.180200 0.618300
vt 0.175400 0.604100
vt 0.180200 0.604100
vt 0.175400 0.589800
vt 0.180300 0.589800
vt 0.175400 0.575500
vt 0.180300 0.575500
vt 0.175400 0.561200
vt 0.180300 0.561200
vt 0.175400 0.546900
vt 0.180300 0.546900
vt 0.175500 0.532600
vt 0.180400 0.532600
vt 0.211600 0.675400
vt 0.211600 0.689800
vt 0.207000 0.689700
vt 0.207000 0.675400
vt 0.211500 0.661200
vt 0.207000 0.661200
vt 0.211500 0.646900
vt 0.207000 0.646900
vt 0.211600 0.632600
vt 0.207000 0.632600
vt 0.211400 0.618300
vt 0.206800 0.618300
vt 0.211400 0.604100
vt 0.206900 0.604100
vt 0.211600 0.589800
vt 0.207000 0.589800
vt 0.211600 0.575500
vt 0.207000 0.575500
vt 0.211600 0.561300
vt 0.207000 0.561300
vt 0.211600 0.547000
vt 0.207000 0.547000
vt 0.211600 0.532700
vt 0.207000 0.532700
vt 0.182100 0.675400
vt 0.205200 0.675400
vt 0.205200 0.689600
vt 0.182100 0.689700
vt 0.182100 0.661200
vt 0.205200 0.661200
vt 0.182100 0.646900
vt 0.205200 0.646900
vt 0.182100 0.632600
vt 0.205200 0.632600
vt 0.182000 0.618300
vt 0.205100 0.618300
vt 0.182000 0.604100
vt 0.205100 0.604100
vt 0.182100 0.589800
vt 0.205200 0.589800
vt 0.182100 0.575500
vt 0.205200 0.575500
vt 0.182100 0.561200
vt 0.205200 0.561300
vt 0.182100 0.547000
vt 0.205200 0.547000
vt 0.182200 0.532700
vt 0.205200 0.532800
vt 0.180400 0.525800
vt 0.182200 0.525900
vt 0.572700 0.613300
vt 0.576600 0.626700
vt 0.568200 0.628700
vt 0.564600 0.616500
vt 0.578800 0.640500
vt 0.570200 0.641200
vt 0.579100 0.654400
vt 0.570500 0.654000
vt 0.577600 0.668200
vt 0.569200 0.666700
vt 0.574300 0.681600
vt 0.566100 0.679100
vt 0.569300 0.694600
vt 0.561500 0.691000
vt 0.562600 0.706800
vt 0.555400 0.702100
vt 0.554400 0.718000
vt 0.547800 0.712400
vt 0.544800 0.728000
vt 0.539000 0.721600
vt 0.534000 0.736700
vt 0.529000 0.729600
vt 0.521900 0.743900
vt 0.518200 0.736100
vt 0.559600 0.630600
vt 0.556200 0.619400
vt 0.561400 0.642000
vt 0.561700 0.653600
vt 0.560500 0.665200
vt 0.557700 0.676400
vt 0.553500 0.687200
vt 0.547900 0.697400
vt 0.541100 0.706700
vt 0.533100 0.715100
vt 0.524000 0.722300
vt 0.513900 0.728300
vt 0.512800 0.738500
vt 0.508800 0.730800
vt 0.495000 0.908400
vt 0.440600 0.908700
vt 0.439900 0.780200
vt 0.494700 0.779900
vt 0.437800 0.004900
vt 0.304300 0.417600
vt 0.319800 0.417600
vt 0.289400 0.417600
vt 0.597100 0.004900
vt 0.611900 0.004900
vt 0.601400 0.004900
vt 0.326900 0.417600
vt 0.333300 0.417600
vt 0.220900 0.820500
vt 0.517600 0.407700
vt 0.530600 0.407700
vt 0.633300 0.407700
vt 0.643800 0.407700
vt 0.648200 0.407700
vt 0.667800 0.463600
vt 0.671500 0.463600
vt 0.672700 0.447200
vt 0.668700 0.446800
vt 0.438900 0.605800
vt 0.493900 0.626200
vt 0.439100 0.626500
vt 0.494400 0.710700
vt 0.439500 0.711000
vt 0.439400 0.690300
vt 0.494300 0.690000
vt 0.412100 0.711200
vt 0.412000 0.690500
vt 0.108600 0.853600
vt 0.108700 0.841700
vt 0.137200 0.842000
vt 0.153800 0.854100
vt 0.080200 0.841300
vt 0.063500 0.853100
vt 0.493800 0.605500
vt 0.493700 0.584800
vt 0.438800 0.585100
vt 0.439700 0.731700
vt 0.412300 0.731900
vt 0.494500 0.731400
vt 0.181400 0.858500
vt 0.153700 0.858200
vt 0.339100 0.664200
vt 0.339100 0.619000
vt 0.339100 0.573900
vt 0.493500 0.564300
vt 0.438700 0.564600
vt 0.439800 0.752200
vt 0.412400 0.752400
vt 0.412500 0.780400
vt 0.494600 0.751900
vt 0.494000 0.645200
vt 0.494100 0.658100
vt 0.439200 0.658400
vt 0.439200 0.645500
vt 0.439300 0.671300
vt 0.494100 0.671000
vt 0.493900 0.635800
vt 0.439100 0.636100
vt 0.439400 0.680700
vt 0.494200 0.680400
vt 0.412000 0.680900
vt 0.411900 0.671400
vt 0.086200 0.800800
vt 0.109200 0.801000
vt 0.109000 0.821700
vt 0.086000 0.821500
vt 0.132100 0.801300
vt 0.131900 0.822000
vt 0.088900 0.791600
vt 0.109300 0.791800
vt 0.129700 0.792000
vt 0.096600 0.786100
vt 0.109400 0.784400
vt 0.122100 0.786400
vt 0.219500 0.415700
vt 0.219500 0.424100
vt 0.214900 0.424100
vt 0.214900 0.415700
vt 0.667300 0.626300
vt 0.735300 0.626700
vt 0.651000 0.629900
vt 0.637700 0.641500
vt 0.631900 0.657200
vt 0.626400 0.708100
vt 0.219500 0.004900
vt 0.219500 0.012900
vt 0.214900 0.012900
vt 0.214900 0.004900
vt 0.270100 0.012900
vt 0.270100 0.415700
vt 0.285100 0.012900
vt 0.285100 0.415700
vt 0.300500 0.012900
vt 0.300500 0.415700
vt 0.315500 0.012900
vt 0.315500 0.415700
vt 0.382700 0.012900
vt 0.382700 0.415700
vt 0.410400 0.012900
vt 0.410400 0.415700
vt 0.210300 0.523800
vt 0.182200 0.523900
vt 0.114000 0.524200
vt 0.097300 0.524500
vt 0.078000 0.524700
vt 0.077900 0.120400
vt 0.095000 0.120400
vt 0.095400 0.524700
vt 0.076700 0.524500
vt 0.060300 0.524300
vt 0.008900 0.524300
vt 0.599200 0.458700
vt 0.514300 0.458200
vt 0.538200 0.407700
vt 0.599500 0.408000
vt 0.599100 0.473700
vt 0.507400 0.473200
vt 0.599100 0.489000
vt 0.501900 0.488500
vt 0.599000 0.504000
vt 0.499500 0.503500
vt 0.598600 0.571200
vt 0.495200 0.570700
vt 0.598500 0.598900
vt 0.495000 0.598400
vt 0.111700 0.009200
vt 0.180000 0.005000
vt 0.095100 0.012000
vt 0.077300 0.018200
vt 0.060400 0.025800
vt 0.009000 0.049800
vt 0.219400 0.485400
vt 0.214800 0.485300
vt 0.987600 0.844000
vt 0.982600 0.843700
vt 0.981100 0.776400
vt 0.986100 0.775900
vt 0.971700 0.874400
vt 0.968700 0.870800
vt 0.979500 0.858600
vt 0.984000 0.860400
vt 0.954600 0.881200
vt 0.953300 0.876800
vt 0.898800 0.889900
vt 0.898100 0.885400
vt 0.666800 0.621800
vt 0.735600 0.622200
vt 0.649000 0.625800
vt 0.633900 0.638900
vt 0.627400 0.656100
vt 0.621900 0.707600
vt 0.210300 0.012900
vt 0.210300 0.004900
vt 0.707600 0.882100
vt 0.758700 0.879900
vt 0.759500 0.884400
vt 0.707800 0.886600
vt 0.774700 0.875100
vt 0.777100 0.879100
vt 0.787200 0.862600
vt 0.791100 0.864900
vt 0.791800 0.846600
vt 0.796300 0.847400
vt 0.795900 0.778800
vt 0.800500 0.778700
vt 0.773400 0.873800
vt 0.785900 0.861300
vt 0.608600 0.435100
vt 0.608600 0.489400
vt 0.599500 0.489400
vt 0.599500 0.435100
vt 0.608600 0.495800
vt 0.599500 0.495800
vt 0.608600 0.502100
vt 0.599500 0.502100
vt 0.608600 0.509200
vt 0.599500 0.509200
vt 0.608600 0.524700
vt 0.599500 0.524700
vt 0.608600 0.539600
vt 0.599500 0.539600
vt 0.608600 0.555100
vt 0.599500 0.555100
vt 0.608600 0.608200
vt 0.599500 0.608200
vt 0.608600 0.612500
vt 0.599500 0.612500
vt 0.608600 0.623000
vt 0.599500 0.623000
vt 0.608600 0.633700
vt 0.599500 0.633700
vt 0.608600 0.644500
vt 0.599500 0.644500
vt 0.608600 0.654900
vt 0.599500 0.654900
vt 0.608600 0.659300
vt 0.599500 0.659300
vt 0.608600 0.712400
vt 0.599500 0.712400
vt 0.608600 0.725700
vt 0.599500 0.725700
vt 0.608600 0.738800
vt 0.599500 0.738800
vt 0.608600 0.752100
vt 0.599500 0.752100
vt 0.608600 0.818600
vt 0.599500 0.818600
vt 0.683300 0.875700
vt 0.063400 0.857200
vt 0.035700 0.856900
vt 0.108600 0.857700
vt 0.339100 0.691900
vt 0.339100 0.546100
vt 0.339600 0.820500
vt 0.387000 0.822500
vt 0.339600 0.822500
vt 0.396100 0.417600
vt 0.655900 0.864500
vt 0.655900 0.857400
vt 0.041900 0.786400
vt 0.033600 0.786400
vt 0.410400 0.407700
vt 0.410400 0.206200
vt 0.655900 0.875700
vt 0.756300 0.896800
vt 0.756000 0.892300
vt 0.762400 0.635000
vt 0.761800 0.639500
vt 0.376600 0.825300
vt 0.403700 0.825300
vt 0.033600 0.816500
vt 0.000600 0.816500
vt 0.060800 0.836800
vt 0.045900 0.836900
vt 0.207000 0.525900
vt 0.211600 0.525800
vt 0.205200 0.526000
vt 0.182100 0.697100
vt 0.180400 0.697200
vt 0.411100 0.536800
vt 0.410400 0.408200
vt 0.410400 0.004900
vt 0.411700 0.626700
vt 0.411500 0.605900
vt 0.411800 0.645700
vt 0.411700 0.636200
vt 0.763000 0.630500
vt 0.208100 0.004900
vt 0.976600 0.749100
vt 0.981600 0.748300
vt 0.174400 0.648300
vt 0.175300 0.737700
vt 0.751200 0.900000
vt 0.751100 0.904600
vt 0.173200 0.525700
vt 0.413200 0.908900
vt 0.197700 0.905900
vt 0.189600 0.905900
vt 0.175500 0.697300
vt 0.562000 0.610600
vt 0.569400 0.606700
vt 0.553900 0.613700
vt 0.411400 0.585300
vt 0.411300 0.564800
vt 0.411800 0.658600
vt 0.763600 0.626000
vt 0.599500 0.407700
vt 0.608600 0.407700
vt 0.534400 0.691600
vt 0.522700 0.688200
vt 0.529200 0.673300
vt 0.536800 0.675600
vt 0.512300 0.681900
vt 0.522400 0.669200
vt 0.503900 0.673200
vt 0.516900 0.663500
vt 0.498000 0.662500
vt 0.513000 0.656600
vt 0.495000 0.650700
vt 0.511100 0.648900
vt 0.495200 0.638600
vt 0.511200 0.640900
vt 0.498500 0.626900
vt 0.513400 0.633300
vt 0.504700 0.616400
vt 0.517400 0.626500
vt 0.513400 0.607900
vt 0.523100 0.620900
vt 0.524000 0.602000
vt 0.530100 0.617000
vt 0.535700 0.598900
vt 0.537800 0.615000
vt 0.541600 0.598900
vt 0.541600 0.615000
vt 0.541500 0.645300
vt 0.794900 0.736700
vt 0.795000 0.732100
vt 0.000600 0.526300
vt 0.186600 0.836700
vt 0.171200 0.836700
vt 0.175600 0.525700
vt 0.211500 0.697200
vt 0.207000 0.697100
vt 0.205200 0.697000
vt 0.515600 0.746300
vt 0.798600 0.750500
vt 0.794000 0.750800
vt 0.608600 0.846000
vt 0.599500 0.846000
vt 0.540700 0.691700
vt 0.541000 0.675600
vt 0.164500 0.972600
vt 0.163600 0.977900
vt 0.160900 0.982600
vt 0.160900 0.962500
vt 0.156700 0.986100
vt 0.151600 0.988000
vt 0.141100 0.986100
vt 0.146200 0.988000
vt 0.136900 0.982600
vt 0.134200 0.977900
vt 0.134200 0.967200
vt 0.133300 0.972600
vt 0.136900 0.962500
vt 0.141100 0.959000
vt 0.151600 0.957200
vt 0.146200 0.957200
vt 0.156700 0.959000
vt 0.163600 0.967200
vt 0.167400 0.965800
vt 0.170800 0.964600
vt 0.172200 0.972600
vt 0.168600 0.972600
vt 0.170800 0.980500
vt 0.167400 0.979300
vt 0.166800 0.987600
vt 0.164000 0.985200
vt 0.160600 0.992800
vt 0.158700 0.989600
vt 0.153000 0.995600
vt 0.152300 0.992000
vt 0.144800 0.995600
vt 0.145500 0.992000
vt 0.137200 0.992800
vt 0.139000 0.989600
vt 0.131000 0.987600
vt 0.133800 0.985300
vt 0.127000 0.980600
vt 0.130400 0.979300
vt 0.125500 0.972600
vt 0.129200 0.972600
vt 0.126900 0.964600
vt 0.130400 0.965900
vt 0.131000 0.957600
vt 0.133800 0.959900
vt 0.137200 0.952400
vt 0.139000 0.955500
vt 0.144800 0.949600
vt 0.145400 0.953200
vt 0.152900 0.949600
vt 0.152300 0.953200
vt 0.160500 0.952400
vt 0.158700 0.955500
vt 0.166800 0.957600
vt 0.164000 0.959900
vt 0.649800 0.532300
vt 0.648700 0.514800
vt 0.665300 0.514000
vt 0.666400 0.530900
vt 0.648500 0.497600
vt 0.665400 0.497200
vt 0.648000 0.480600
vt 0.664700 0.480300
vt 0.647900 0.463300
vt 0.664500 0.463500
vt 0.648500 0.446000
vt 0.665200 0.446700
vt 0.649500 0.429000
vt 0.666400 0.429900
vt 0.650300 0.411700
vt 0.666900 0.413100
vt 0.651900 0.394300
vt 0.668400 0.396200
vt 0.653100 0.385600
vt 0.669900 0.387900
vt 0.668600 0.513700
vt 0.669700 0.530300
vt 0.669300 0.497000
vt 0.668200 0.480300
vt 0.670300 0.430200
vt 0.670200 0.413400
vt 0.671700 0.396900
vt 0.673500 0.388800
vt 0.672300 0.513900
vt 0.673500 0.529700
vt 0.673900 0.496800
vt 0.672200 0.480100
vt 0.674900 0.430500
vt 0.673900 0.413400
vt 0.675500 0.397600
vt 0.677500 0.390000
vt 0.679300 0.528800
vt 0.678000 0.514300
vt 0.691400 0.513400
vt 0.692700 0.527200
vt 0.677300 0.499900
vt 0.689800 0.498600
vt 0.685500 0.478800
vt 0.688000 0.493700
vt 0.680600 0.470200
vt 0.685900 0.448900
vt 0.680700 0.457300
vt 0.688800 0.434000
vt 0.678400 0.427600
vt 0.679600 0.413100
vt 0.692900 0.414500
vt 0.690800 0.429200
vt 0.681300 0.398800
vt 0.694700 0.400700
vt 0.682900 0.391600
vt 0.695900 0.393900
vt 0.765000 0.555900
vt 0.810100 0.555100
vt 0.810300 0.568300
vt 0.765200 0.569000
vt 0.775300 0.593100
vt 0.767000 0.579300
vt 0.778900 0.588600
vt 0.774300 0.531500
vt 0.778100 0.535900
vt 0.766500 0.545600
vt 0.809800 0.535400
vt 0.809900 0.544900
vt 0.810500 0.578600
vt 0.810600 0.588100
vt 0.789400 0.526000
vt 0.809600 0.525700
vt 0.143100 0.949600
vt 0.135800 0.949600
vt 0.135800 0.861400
vt 0.143100 0.861400
vt 0.150400 0.949600
vt 0.150400 0.861400
vt 0.157700 0.949600
vt 0.157700 0.861400
vt 0.164900 0.949600
vt 0.164900 0.861400
vt 0.172200 0.949600
vt 0.172200 0.861400
vt 0.048300 0.949600
vt 0.041000 0.949600
vt 0.041000 0.861400
vt 0.048300 0.861400
vt 0.055600 0.949600
vt 0.055600 0.861400
vt 0.062900 0.949600
vt 0.062900 0.861400
vt 0.070100 0.949600
vt 0.070100 0.861400
vt 0.077400 0.949600
vt 0.077400 0.861400
vt 0.084700 0.949600
vt 0.084700 0.861400
vt 0.092000 0.949600
vt 0.092000 0.861400
vt 0.099300 0.949600
vt 0.099300 0.861400
vt 0.106600 0.949600
vt 0.106600 0.861400
vt 0.113900 0.949600
vt 0.113900 0.861400
vt 0.121200 0.949600
vt 0.121200 0.861400
vt 0.128500 0.949600
vt 0.128500 0.861400
vt 0.667600 0.539300
vt 0.650800 0.541100
vt 0.756300 0.520900
vt 0.740100 0.526800
vt 0.726800 0.537900
vt 0.715200 0.570000
vt 0.718200 0.552900
vt 0.718200 0.587000
vt 0.726800 0.602000
vt 0.756300 0.619000
vt 0.740100 0.613100
vt 0.765000 0.619000
vt 0.765000 0.520900
vt 0.671200 0.538400
vt 0.675300 0.537400
vt 0.693700 0.534100
vt 0.680700 0.535900
vt 0.790600 0.598100
vt 0.810800 0.597800
vt 0.803800 0.602700
vt 0.810900 0.602600
vt 0.802500 0.521000
vt 0.809600 0.520900
s 0
usemtl Material__72
f 1/1/1 2/2/2 3/3/2 4/4/1
f 5/5/3 6/6/3 7/7/4 8/8/4
f 9/9/5 10/10/6 11/11/6 12/12/7
f 13/13/8 14/14/8 15/15/8 16/16/8
f 17/17/9 18/18/9 16/16/9 15/15/9
f 13/13/8 16/16/8 19/19/8 20/20/8
f 21/21/10 22/22/10 23/23/11 24/24/11
f 25/25/12 26/26/12 22/22/10 21/21/10
f 27/27/7 28/28/7 26/26/12 25/25/12
f 29/29/13 30/30/13 31/31/14 32/32/14
f 35/35/16 36/36/16 37/37/17 38/38/17
f 39/39/18 40/40/19 36/36/16 35/35/16
f 41/41/20 42/42/20 40/40/18 39/39/21
f 43/43/22 44/44/22 45/45/23 46/46/23
f 47/47/8 48/48/8 49/49/8 50/50/8
f 49/49/24 51/51/24 50/50/24
f 47/47/8 50/50/8 52/52/8 53/53/8
f 54/54/25 53/53/25 52/52/25
f 50/50/8 55/55/8 56/56/8 52/52/8
f 57/57/8 58/58/8 54/54/8 52/52/8
f 57/57/8 52/52/8 19/19/8 16/16/8
f 58/58/8 57/57/8 59/59/8 60/60/8
f 59/59/8 61/61/8 62/62/8 60/60/8
f 60/60/26 63/63/26 64/64/26 58/58/26
f 65/65/26 58/58/26 64/64/26
f 66/66/27 67/67/27 68/68/28 69/69/28
f 70/70/29 71/71/29 72/72/28 73/73/28
f 74/74/30 75/75/30 67/67/27 66/66/27
f 11/76/31 10/77/31 75/75/31 74/74/31
f 76/78/32 77/79/32 71/71/29 70/70/33
f 78/80/34 79/80/34 77/80/34 76/80/34
f 80/81/35 81/82/35 82/83/35 83/84/35
f 82/83/36 84/85/36 83/84/36
f 83/84/37 85/86/37 86/87/37 80/81/37
f 80/81/37 86/87/37 87/88/37 88/89/37
f 18/18/9 59/59/9 57/57/9 16/16/9
f 53/53/9 54/54/9 58/58/9 65/65/9
f 89/90/37 90/91/37 91/92/37 92/93/37
f 90/91/38 93/94/38 94/95/38 91/92/38
f 93/94/39 95/96/39 96/97/39 94/95/39
f 95/96/36 97/98/36 98/99/36 96/97/36
f 97/98/37 99/100/37 100/101/37 98/99/37
f 99/100/37 101/102/37 102/103/37 100/101/37
f 101/102/37 103/104/37 104/105/37 102/103/37
f 103/104/40 105/106/40 106/107/40 104/105/40
f 105/106/35 107/108/35 108/109/35 106/107/35
f 107/108/36 109/110/36 110/111/36 108/109/36
f 109/110/41 111/112/41 112/113/41 110/111/41
f 111/112/38 113/114/38 114/115/38 112/113/38
f 113/114/36 115/116/36 116/117/36 114/115/36
f 115/116/37 117/118/37 118/119/37 116/117/37
f 117/118/37 119/120/37 120/121/37 118/119/37
f 119/120/42 121/122/42 122/123/42 120/121/42
f 121/122/39 123/124/39 124/125/39 122/123/39
f 123/124/37 125/126/37 126/127/37 124/125/37
f 127/128/37 128/129/37 126/127/37 125/126/37
f 129/130/43 130/131/44 90/132/44 89/133/43
f 130/131/44 131/134/45 93/135/45 90/132/44
f 131/134/46 132/136/47 95/137/48 93/135/45
f 132/136/48 133/138/49 97/139/49 95/137/47
f 133/138/49 134/140/50 99/141/51 97/139/49
f 134/140/51 135/142/52 101/143/53 99/141/50
f 135/142/52 136/144/54 103/145/54 101/143/52
f 136/144/54 137/146/55 105/147/55 103/145/54
f 137/146/55 138/148/28 107/149/28 105/147/55
f 138/148/28 139/150/56 109/151/56 107/149/28
f 139/150/56 140/152/57 111/153/57 109/151/56
f 140/152/57 141/154/58 113/155/58 111/153/57
f 141/154/59 142/156/60 115/157/61 113/155/58
f 142/156/61 143/158/62 117/159/62 115/157/60
f 143/158/62 144/160/63 119/161/64 117/159/62
f 144/160/63 145/162/65 121/163/65 119/161/66
f 145/162/67 146/164/68 123/165/68 121/163/65
f 146/164/68 147/166/69 125/167/69 123/165/68
f 148/168/13 127/169/13 125/167/69 147/166/69
f 149/170/70 150/171/71 124/172/71 126/173/70
f 150/171/71 151/174/72 122/175/72 124/172/71
f 151/174/72 152/176/73 120/177/73 122/175/72
f 152/176/73 153/178/74 118/179/74 120/177/73
f 153/178/74 87/180/75 116/181/76 118/179/74
f 87/180/76 86/182/77 114/183/77 116/181/75
f 86/182/78 85/184/79 112/185/79 114/183/77
f 85/184/79 83/186/80 110/187/80 112/185/79
f 83/186/81 84/188/82 108/151/82 110/187/80
f 84/188/82 82/189/83 106/190/83 108/151/82
f 82/189/83 81/191/84 104/192/84 106/190/83
f 81/191/84 80/193/85 102/194/85 104/192/84
f 80/193/85 88/195/86 100/196/86 102/194/85
f 88/195/87 154/197/88 98/198/88 100/196/86
f 154/197/88 155/199/89 96/200/89 98/198/88
f 155/199/89 156/201/90 94/202/91 96/200/89
f 156/201/91 157/203/92 91/204/92 94/202/90
f 157/203/92 158/205/93 92/206/94 91/204/92
f 159/207/13 160/208/13 92/206/93 158/205/94
f 13/13/8 20/20/8 161/209/8 162/210/8
f 50/50/8 51/51/8 163/211/8 164/212/8
f 51/51/8 49/49/8 165/213/8 163/211/8
f 49/49/8 48/48/8 166/214/8 165/213/8
f 48/48/95 47/47/95 167/215/95 166/214/95
f 47/47/95 53/53/95 168/216/95 167/215/95
f 53/53/8 65/65/8 168/216/8
f 65/65/95 64/64/95 169/217/95 168/216/95
f 64/64/8 63/63/8 170/218/8 169/217/8
f 63/63/8 60/60/8 171/219/8 170/218/8
f 60/60/8 62/62/8 172/220/8 171/219/8
f 62/62/8 61/61/8 173/221/8 172/220/8
f 61/61/96 59/59/96 174/222/96 173/221/96
f 59/59/97 18/18/97 174/222/97
f 18/18/9 17/17/9 175/223/9 174/222/9
f 17/17/9 15/15/9 176/224/9 175/223/9
f 15/15/98 14/14/98 177/225/98 176/224/98
f 14/14/8 13/13/8 162/210/8 177/225/8
f 147/226/37 146/227/37 24/228/37 178/229/37
f 142/230/38 141/231/38 179/232/38
f 135/233/42 134/234/42 180/235/42
f 23/23/99 181/236/100 182/237/100 24/24/99
f 162/210/8 161/209/8 183/238/8 184/239/8
f 183/238/8 185/240/8 186/241/8 184/239/8
f 187/242/25 188/243/25 183/238/25 161/209/25
f 189/244/101 190/245/101 1/1/1 4/4/1
f 182/237/100 181/236/100 190/245/102 189/244/102
f 191/246/103 192/247/104 193/248/105 194/249/106
f 195/250/107 196/251/108 197/252/108 198/253/109
f 27/27/7 199/254/6 200/255/6 28/28/7
f 201/256/110 202/257/111 203/258/111 204/259/110
f 205/260/112 201/256/110 204/259/110 206/261/113
f 207/262/114 205/260/113 206/261/112 208/263/114
f 209/264/115 8/8/4 7/7/4 210/265/116
f 211/266/117 209/264/118 210/265/116 212/267/119
f 43/43/22 211/266/117 212/267/120 44/44/22
f 213/268/121 214/269/122 215/270/122 216/271/121
f 217/272/27 73/73/28 72/72/28 218/273/27
f 219/274/123 220/275/28 221/276/28 222/277/123
f 223/278/124 217/272/27 218/273/27 224/279/124
f 199/254/31 223/278/31 224/279/31 200/255/31
f 225/280/125 219/274/123 222/277/126 226/281/125
f 214/269/127 225/280/125 226/281/125 215/270/127
f 202/257/28 227/282/128 228/283/128 203/258/28
f 227/282/129 229/284/130 230/285/130 228/283/128
f 207/262/114 231/286/131 232/287/131 233/288/114
f 234/289/132 196/251/108 235/290/108 236/291/133
f 237/292/134 234/289/133 236/291/135 238/293/134
f 213/268/136 237/292/134 238/293/134 239/294/121
f 240/295/137 220/275/28 241/296/138 242/297/137
f 243/298/139 240/295/137 242/297/137 244/299/139
f 231/300/140 243/298/139 244/299/139 232/301/140
f 245/302/1 32/32/141 31/31/141 246/303/1
f 247/304/142 38/38/17 37/37/17 248/305/142
f 249/306/10 250/307/11 251/308/11 252/309/10
f 253/310/12 249/306/10 252/309/10 254/311/12
f 12/12/5 253/310/12 254/311/12 9/9/7
f 41/41/20 255/312/143 256/313/143 42/42/20
f 257/314/29 69/69/28 68/68/28 258/315/29
f 259/316/144 257/314/29 258/315/145 260/317/144
f 261/318/146 259/316/146 260/317/146 262/319/146
f 250/307/99 263/320/100 264/321/147 251/308/99
f 265/322/148 245/302/1 246/303/149 266/323/148
f 263/320/100 265/322/102 266/323/102 264/321/100
f 146/227/37 145/324/37 21/325/37 24/228/37
f 145/324/37 144/326/37 25/327/37 21/325/37
f 144/326/37 143/328/37 27/329/37 25/327/37
f 143/328/37 142/230/37 179/232/37 27/329/37
f 179/232/37 199/330/37 27/329/37
f 141/231/40 140/331/40 223/332/40 179/232/40
f 179/232/40 223/332/40 199/330/40
f 140/331/37 139/333/37 217/334/37 223/332/37
f 139/333/37 138/335/37 73/336/37 217/334/37
f 138/335/37 137/337/37 70/338/37 73/336/37
f 137/337/37 136/339/37 76/340/37 70/338/37
f 136/339/37 135/233/37 180/235/37 76/340/37
f 180/235/37 78/341/37 76/340/37
f 134/234/37 133/342/37 267/343/37 180/235/37
f 180/235/150 267/343/150 78/341/150
f 133/342/37 132/344/37 268/345/37 267/343/37
f 132/344/37 131/346/37 269/347/37 268/345/37
f 131/346/37 130/348/37 270/349/37 269/347/37
f 130/348/37 129/350/37 271/351/37 270/349/37
f 129/350/37 272/352/37 273/353/37 271/351/37
f 189/354/37 4/355/37 24/228/37 182/356/37
f 194/357/8 193/358/8 2/359/8 1/360/8
f 274/361/26 275/362/26 2/359/26 193/358/26
f 198/363/8 197/364/8 276/365/8 277/366/8
f 197/364/8 278/367/8 279/368/8 276/365/8
f 278/367/151 280/369/151 281/370/151 279/368/151
f 280/369/9 216/371/9 282/372/9 281/370/9
f 216/371/9 215/373/9 79/374/9 282/372/9
f 215/373/152 226/375/152 77/376/152 79/374/152
f 226/375/8 222/377/8 71/378/8 77/376/8
f 222/377/8 221/379/8 72/380/8 71/378/8
f 221/379/8 283/381/8 218/382/8 72/380/8
f 283/381/26 284/383/26 224/384/26 218/382/26
f 284/383/9 285/385/9 200/386/9 224/384/9
f 285/387/8 208/388/8 28/389/8 200/390/8
f 208/388/9 206/391/9 26/392/9 28/389/9
f 206/391/9 204/393/9 22/394/9 26/392/9
f 204/393/8 203/395/8 23/396/8 22/394/8
f 203/395/95 228/397/95 181/398/95 23/396/95
f 228/397/8 230/399/8 190/400/8 181/398/8
f 230/399/8 194/357/8 1/360/8 190/400/8
f 286/401/8 287/402/8 288/403/8 289/404/8
f 287/402/8 290/405/8 291/406/8 288/403/8
f 290/405/97 292/407/97 293/408/97 291/406/97
f 292/407/9 294/409/9 295/410/9 293/408/9
f 294/409/8 296/411/8 261/412/8 295/410/8
f 296/413/25 297/414/25 259/415/25 261/416/25
f 297/414/8 298/417/8 257/418/8 259/415/8
f 298/417/8 299/419/8 69/420/8 257/418/8
f 299/419/8 300/421/8 66/422/8 69/420/8
f 300/421/9 301/423/9 74/424/9 66/422/9
f 301/423/9 302/425/9 11/426/9 74/424/9
f 302/425/8 303/427/8 12/428/8 11/426/8
f 303/427/8 304/429/8 253/430/8 12/428/8
f 304/429/96 305/431/96 249/432/96 253/430/96
f 305/431/25 306/433/25 250/434/25 249/432/25
f 306/433/8 307/435/8 263/436/8 250/434/8
f 307/435/8 308/437/8 265/438/8 263/436/8
f 308/437/8 309/439/8 245/440/8 265/438/8
f 309/439/8 310/441/8 32/442/8 245/440/8
f 233/443/37 232/443/37 10/443/37 9/443/37
f 232/444/37 244/444/37 75/444/37 10/444/37
f 244/444/37 242/444/37 67/444/37 75/444/37
f 242/444/37 241/444/37 68/444/37 67/444/37
f 241/444/37 311/444/37 258/444/37 68/444/37
f 311/444/35 312/444/35 260/444/35 258/444/35
f 312/444/38 313/444/38 262/444/38 260/444/38
f 313/445/35 239/445/35 314/445/35 262/445/35
f 239/445/37 238/445/37 315/445/37 314/445/37
f 238/445/37 236/445/37 316/445/37 315/445/37
f 236/445/37 235/445/37 317/445/37 316/445/37
f 235/446/37 318/446/37 319/446/37 317/446/37
f 318/446/38 320/446/38 321/446/38 319/446/38
f 322/443/37 323/443/37 246/443/37 31/443/37
f 323/443/35 324/443/35 266/443/35 246/443/35
f 324/443/37 325/443/37 264/443/37 266/443/37
f 325/443/153 326/443/153 251/443/153 264/443/153
f 326/443/38 327/443/38 252/443/38 251/443/38
f 327/443/37 328/443/37 254/443/37 252/443/37
f 328/443/37 233/443/37 9/443/37 254/443/37
f 158/447/37 157/448/37 329/449/37 330/450/37
f 331/451/37 332/452/37 156/453/37 155/454/37
f 154/455/37 88/89/37 333/456/37 334/457/37
f 88/89/37 87/88/37 335/458/37 333/456/37
f 87/88/37 153/459/37 336/460/37 335/458/37
f 151/461/37 337/462/37 338/463/37 152/464/37
f 150/465/37 149/466/37 339/467/37 340/468/37
f 341/469/37 342/470/37 339/467/37 149/466/37
f 150/465/37 340/468/37 337/462/37 151/461/37
f 338/463/37 336/460/37 153/459/37 152/464/37
f 154/455/37 334/457/37 331/451/37 155/454/37
f 332/452/37 329/449/37 157/448/37 156/453/37
f 330/471/13 329/472/154 343/473/154 344/474/13
f 329/472/154 332/475/155 345/476/155 343/473/154
f 332/475/155 331/477/156 346/478/156 345/476/155
f 331/477/156 334/479/157 347/480/157 346/478/156
f 334/479/157 333/481/82 348/482/82 347/480/157
f 333/481/82 335/483/82 349/484/82 348/482/82
f 335/483/82 336/485/158 350/486/158 349/484/82
f 336/485/158 338/487/159 351/488/159 350/486/158
f 338/487/159 337/489/160 352/490/160 351/488/159
f 337/489/160 340/491/161 353/492/161 352/490/160
f 340/491/161 339/493/162 354/494/162 353/492/161
f 344/495/37 343/496/37 355/497/37 356/498/37
f 343/496/37 345/499/37 357/500/37 355/497/37
f 345/499/37 346/501/37 358/502/37 357/500/37
f 346/501/37 347/503/37 359/504/37 358/502/37
f 347/503/37 348/505/37 360/506/37 359/504/37
f 348/505/37 349/507/37 361/508/37 360/506/37
f 349/507/37 350/509/37 362/510/37 361/508/37
f 350/509/37 351/511/37 363/512/37 362/510/37
f 351/511/37 352/513/37 364/514/37 363/512/37
f 352/513/37 353/515/37 365/516/37 364/514/37
f 353/515/37 354/517/37 366/518/37 365/516/37
f 355/519/163 367/520/164 368/521/165 356/522/165
f 357/523/166 369/524/166 367/520/163 355/519/163
f 358/525/167 370/526/167 369/524/166 357/523/166
f 359/527/168 371/528/168 370/526/167 358/525/167
f 360/529/169 372/530/169 371/528/168 359/527/168
f 361/531/170 373/532/170 372/530/169 360/529/169
f 362/533/171 374/534/171 373/532/170 361/531/170
f 363/535/172 375/536/172 374/534/171 362/533/171
f 364/537/173 376/538/173 375/536/172 363/535/172
f 365/539/174 377/540/174 376/538/173 364/537/173
f 366/541/175 378/542/176 377/540/177 365/539/174
f 395/559/189 393/557/188 394/558/188 396/560/189
f 397/561/190 395/559/189 396/560/189 398/562/190
f 399/563/191 397/561/190 398/562/190 400/564/191
f 401/565/192 399/563/191 400/564/191 402/566/193
f 403/567/163 404/568/163 405/569/165 406/570/165
f 407/571/166 408/572/166 404/568/163 403/567/163
f 409/573/167 410/574/167 408/572/166 407/571/166
f 411/575/168 412/576/168 410/574/167 409/573/194
f 413/577/169 414/578/169 412/576/168 411/575/119
f 415/579/170 416/580/170 414/578/169 413/577/169
f 417/581/171 418/582/171 416/580/170 415/579/170
f 419/583/172 420/584/172 418/582/171 417/581/171
f 421/585/173 422/586/173 420/584/172 419/583/172
f 423/587/177 424/588/177 422/586/173 421/585/173
f 425/589/175 426/590/176 424/588/174 423/587/174
f 368/521/37 367/520/37 403/567/37 406/570/37
f 367/520/37 369/524/37 407/571/37 403/567/37
f 369/524/195 370/526/195 409/573/195 407/571/195
f 370/526/196 371/528/196 411/575/196 409/573/196
f 371/528/36 372/530/36 413/577/36 411/575/36
f 372/530/36 373/532/36 415/579/36 413/577/36
f 373/532/37 374/534/37 417/581/37 415/579/37
f 374/534/42 375/536/42 419/583/42 417/581/42
f 375/536/41 376/538/41 421/585/41 419/583/41
f 376/538/37 377/540/37 423/587/37 421/585/37
f 377/540/39 378/542/39 425/589/39 423/587/39
f 427/591/37 428/592/37 425/589/37 378/542/37
f 402/566/197 400/564/197 424/588/197 426/590/197
f 400/564/8 398/562/8 422/586/8 424/588/8
f 398/562/198 396/560/198 420/584/198 422/586/198
f 396/560/199 394/558/199 418/582/199 420/584/199
f 394/558/200 392/556/200 416/580/200 418/582/200
f 392/556/201 390/554/201 414/578/201 416/580/201
f 390/554/95 388/552/95 412/576/95 414/578/95
f 388/552/8 386/550/8 410/574/8 412/576/8
f 386/550/151 384/548/151 408/572/151 410/574/151
f 384/548/8 382/546/8 404/568/8 408/572/8
f 382/546/8 381/545/8 405/569/8 404/568/8
f 323/631/232 322/632/233 455/633/234 456/634/235
f 318/635/109 235/290/108 196/251/108 195/250/109
f 327/636/236 326/637/111 202/257/111 201/256/110
f 328/638/237 327/636/110 201/256/110 205/260/113
f 233/288/114 328/638/113 205/260/112 207/262/114
f 239/294/121 313/639/122 214/269/122 213/268/121
f 311/640/123 241/296/28 220/275/28 219/274/123
f 312/641/125 311/640/123 219/274/123 225/280/125
f 313/639/127 312/641/125 225/280/125 214/269/127
f 326/637/28 325/642/128 227/282/128 202/257/28
f 325/642/128 324/643/130 229/284/130 227/282/128
f 208/263/114 285/644/131 231/286/131 207/262/114
f 278/645/132 197/252/108 196/251/108 234/289/133
f 280/646/238 278/645/133 234/289/133 237/292/134
f 216/271/121 280/646/134 237/292/134 213/268/121
f 283/647/137 221/276/28 220/275/28 240/295/137
f 284/648/139 283/647/137 240/295/239 243/298/139
f 285/649/140 284/648/139 243/298/240 231/300/140
f 1310/650/82 1332/651/82 1319/652/241 1311/653/241
f 457/654/242 459/655/243 460/656/243
f 461/657/244 462/658/244 463/659/245 464/660/245
f 465/661/244 466/662/245 463/659/245 462/658/244
f 467/663/246 468/664/247 469/665/248 470/666/249
f 471/667/250 468/664/251 467/663/252 472/668/250
f 457/654/242 458/669/253 459/655/243
f 469/670/254 458/669/255 457/654/242 473/671/254
f 474/672/256 475/673/256 465/661/244 462/658/244
f 474/672/256 462/658/244 461/657/244 471/674/256
f 470/666/249 191/675/257 476/676/258
f 476/677/259 229/284/259 477/678/259
f 477/678/260 229/284/260 478/679/260
f 470/680/261 469/670/254 473/671/254 479/681/262
f 191/246/103 470/680/261 479/681/263 192/247/264
f 480/682/265 481/683/265 475/673/256 474/672/256
f 455/633/234 482/684/266 481/683/265 480/682/265
f 480/682/265 474/672/256 471/674/256 472/685/267
f 455/633/268 480/682/265 472/685/269 456/634/235
f 483/686/270 484/687/13 485/688/13 486/689/270
f 487/690/271 485/688/13 484/687/13 488/691/271
f 489/692/272 483/686/270 486/689/270 490/693/273
f 459/655/243 489/692/273 490/693/273 460/656/243
f 491/694/274 487/690/271 488/691/271 492/695/275
f 463/659/245 491/694/275 492/695/275 464/660/245
f 491/694/275 493/696/275 494/697/271 487/690/271
f 463/659/245 466/662/245 493/696/275 491/694/275
f 464/698/28 495/699/28 496/700/28 461/701/28
f 495/699/28 459/702/28 458/703/28 496/700/28
f 492/704/28 497/705/28 495/699/28 464/698/28
f 495/699/28 497/705/28 489/706/28 459/702/28
f 492/704/28 488/707/28 484/708/28 497/705/28
f 497/705/28 484/708/28 483/709/28 489/706/28
f 79/710/276 78/711/276 46/712/276 45/713/276
f 289/404/8 288/403/8 498/714/8 499/715/8
f 288/403/26 291/406/26 500/716/26 498/714/26
f 291/406/277 293/408/277 501/717/277 500/716/277
f 293/408/8 295/410/8 502/718/8 501/717/8
f 295/410/8 261/412/8 503/719/8 502/718/8
f 261/720/278 262/721/278 504/722/279 503/723/280
f 314/724/281 282/725/281 79/710/282 262/721/282
f 282/725/281 314/724/281 315/726/283 281/727/283
f 316/728/284 279/729/285 281/727/283 315/726/283
f 279/729/284 316/728/285 317/730/286 276/731/286
f 276/731/286 317/730/286 319/732/287 277/733/287
f 321/734/13 505/735/13 277/733/287 319/732/287
f 508/738/4 7/7/4 6/6/3 507/737/3
f 7/7/4 508/738/4 509/739/288 210/265/116
f 510/740/289 511/741/289 512/742/289 513/743/289
f 212/267/119 514/744/290 515/745/22 44/44/22
f 262/721/291 79/710/291 45/713/291 504/722/291
f 44/44/22 515/745/22 504/746/23 45/45/23
f 267/747/281 516/748/292 517/749/282 78/750/282
f 268/751/283 518/752/293 516/748/292 267/747/281
f 269/753/284 519/754/294 518/752/293 268/751/283
f 270/755/286 520/756/295 519/754/294 269/753/284
f 271/757/287 521/758/296 520/756/295 270/755/286
f 273/759/13 522/760/13 521/758/296 271/757/287
f 5/5/3 8/8/4 523/761/108 524/762/297
f 8/8/4 209/264/118 525/763/298 523/761/108
f 209/264/299 211/266/117 526/764/300 525/763/298
f 211/266/117 43/43/22 527/765/301 526/764/300
f 43/43/302 46/46/23 528/766/23 527/765/301
f 78/711/303 517/767/303 528/768/303 46/712/303
f 523/769/304 520/770/304 521/771/304 524/772/304
f 526/773/305 518/774/305 519/775/305 525/776/305
f 525/776/305 519/775/305 520/770/305 523/769/305
f 527/777/305 516/778/305 518/774/305 526/773/305
f 528/779/305 517/780/305 516/778/305 527/777/305
f 499/715/8 498/714/8 38/781/8 247/782/8
f 498/714/25 500/716/25 35/783/25 38/781/25
f 500/716/8 501/717/8 39/784/8 35/783/8
f 501/717/8 502/718/8 41/785/8 39/784/8
f 502/718/8 503/719/8 255/786/8 41/785/8
f 503/723/306 504/722/306 256/787/306 255/788/306
f 504/789/37 515/790/37 42/791/37 256/792/37
f 515/790/36 514/793/36 40/794/36 42/791/36
f 514/793/37 509/795/37 36/796/37 40/794/37
f 509/795/37 508/797/37 37/798/37 36/796/37
f 508/797/39 507/799/39 248/800/39 37/798/39
f 212/267/97 210/265/97 512/742/97 511/741/97
f 210/265/307 509/739/307 513/743/307 512/742/307
f 509/795/37 514/793/37 510/801/37 513/802/37
f 514/744/308 212/267/308 511/741/308 510/740/308
f 310/803/162 309/804/309 185/805/309 183/806/162
f 309/804/309 308/807/310 186/808/310 185/805/309
f 308/807/311 307/809/312 184/810/312 186/808/311
f 307/809/312 306/811/82 162/812/82 184/810/312
f 306/811/313 305/813/314 177/814/314 162/812/313
f 305/813/314 304/815/315 176/816/316 177/814/314
f 304/815/315 303/817/317 175/818/317 176/816/315
f 303/817/317 302/819/318 174/820/318 175/818/317
f 302/819/319 301/821/320 173/822/320 174/820/319
f 301/821/320 300/823/321 172/824/321 173/822/320
f 300/823/321 299/825/82 171/826/82 172/824/321
f 299/825/82 298/827/322 170/828/322 171/826/82
f 298/827/322 297/829/323 169/830/323 170/828/322
f 297/829/323 296/831/324 168/832/324 169/830/323
f 296/831/325 294/833/326 167/834/326 168/832/325
f 294/833/326 292/835/327 166/836/327 167/834/326
f 292/835/327 290/837/328 165/838/328 166/836/327
f 290/837/328 287/839/329 163/840/329 165/838/328
f 287/839/329 286/841/330 164/842/331 163/840/329
f 4/355/37 3/843/37 178/229/37 24/228/37
f 461/701/332 496/700/333 468/664/334 471/667/335
f 472/668/336 478/844/337 456/845/338
f 468/664/247 496/700/339 469/665/248
f 476/676/258 477/846/340 467/663/341 470/666/249
f 477/846/340 478/844/337 472/668/336 467/663/341
f 476/677/342 191/847/103 229/284/342
f 229/284/343 456/848/235 478/679/343
f 194/849/106 230/285/342 229/284/342 191/847/103
f 324/643/342 323/168/344 456/848/235 229/284/342
f 89/133/43 529/850/162 272/851/162 129/130/43
f 126/173/70 128/169/162 341/852/162 149/170/70
f 147/226/37 178/229/37 530/853/37 148/854/37
f 2/2/2 275/855/345 531/856/345 3/3/2
f 195/250/109 198/253/107 532/857/162 533/858/162
f 3/843/37 531/859/37 530/853/37 178/229/37
f 198/363/8 277/366/8 505/860/8 532/861/8
f 286/401/26 289/404/26 534/862/26 535/863/26
f 330/450/37 536/864/37 159/865/37 158/447/37
f 344/474/13 537/866/13 536/867/13 330/471/13
f 356/498/37 538/868/37 537/869/37 344/495/37
f 402/566/193 539/870/346 540/871/346 401/565/192
f 425/589/176 428/592/13 541/872/13 426/590/175
f 406/570/37 542/873/37 543/874/37 368/521/37
f 426/590/24 541/872/24 539/870/24 402/566/24
f 192/247/264 544/875/347 274/876/13 193/248/348
f 318/635/109 195/250/107 533/858/162 320/877/162
f 460/656/243 545/878/243 546/879/242 457/654/242
f 486/689/270 547/880/270 548/881/273 490/693/273
f 289/404/8 499/715/8 549/882/8 534/862/8
f 521/771/349 522/884/349 550/885/349 524/772/349
f 19/19/8 551/886/8 552/887/8 20/20/8
f 92/93/39 160/888/39 529/889/39 89/90/39
f 50/50/8 164/212/8 553/890/8 55/55/8
f 322/632/350 554/891/13 482/684/266 455/633/266
f 248/305/142 555/892/162 556/893/162 247/304/142
f 31/443/39 30/443/39 554/443/39 322/443/39
f 368/521/165 543/874/162 538/894/162 356/522/165
f 457/654/242 546/879/242 560/898/254 473/671/254
f 473/671/254 560/898/254 561/899/354 479/681/355
f 479/681/262 561/899/354 544/875/347 192/247/347
f 485/688/13 562/900/13 547/880/270 486/689/356
f 490/693/273 548/881/357 545/878/243 460/656/243
f 499/715/26 247/782/26 556/901/26 549/882/26
f 183/806/162 188/902/162 563/903/162 310/803/162
f 19/19/8 52/52/8 56/56/8 551/886/8
f 187/242/385 161/209/385 20/20/385 552/887/385
f 32/442/26 310/441/26 563/931/26 29/932/26
f 354/494/162 339/493/162 342/933/162 578/78/162
f 366/518/37 354/517/37 578/934/37 579/935/37
f 378/542/175 366/541/175 579/936/386 427/591/386
f 406/570/165 405/569/165 581/939/162 542/873/162
f 405/569/8 381/545/8 580/938/8 581/939/8
f 485/688/13 487/690/271 494/697/388 562/900/13
f 164/842/330 286/841/331 535/943/13 553/944/13
f 583/947/391 584/948/392 585/949/393 586/950/394
f 585/949/393 587/951/395 588/952/396 589/953/397
f 588/952/396 590/954/398 589/953/397
f 589/953/397 591/955/399 592/956/400 593/957/401
f 592/956/400 594/958/402 593/957/401
f 593/957/401 595/959/403 596/960/404 597/961/405
f 596/960/404 598/962/406 597/961/405
f 589/953/397 593/957/401 597/961/405 585/949/393
f 597/961/405 599/963/407 586/950/394 585/949/393
f 600/964/408 583/947/391 586/950/394
f 601/965/409 602/966/410 603/967/411 604/968/412
f 604/968/412 603/967/411 605/969/413 606/970/414
f 606/970/414 605/969/413 607/971/415 608/972/416
f 608/972/416 607/971/415 609/973/417 610/974/418
f 610/974/419 609/973/417 611/975/420 612/976/421
f 612/976/421 611/975/420 613/977/422 614/978/423
f 614/978/423 613/977/422 615/979/424 616/980/425
f 616/980/425 615/979/424 617/981/426 618/982/427
f 618/982/427 617/981/426 619/983/428 620/984/429
f 620/984/429 619/983/428 621/985/430 622/986/431
f 622/986/431 621/985/430 623/987/432 624/988/433
f 624/988/433 623/987/432 625/989/434 626/990/435
f 626/990/435 625/989/434 627/991/436 628/992/437
f 628/992/438 627/991/436 629/993/439 630/994/440
f 630/994/440 629/993/439 631/995/441 632/996/442
f 632/996/442 631/995/441 633/997/443 634/998/444
f 634/998/444 633/997/443 635/999/445 636/1000/446
f 636/1000/446 635/999/445 602/966/410 601/965/409
f 600/964/408 601/965/409 604/968/412 583/947/391
f 583/947/391 604/968/412 606/970/414 584/948/392
f 584/948/392 606/970/414 608/972/416 585/949/393
f 585/949/393 608/972/416 610/974/419 587/951/395
f 587/951/395 610/974/419 612/976/421 588/952/396
f 588/952/396 612/976/421 614/978/423 590/954/398
f 590/954/398 614/978/423 616/980/425 589/953/397
f 589/953/397 616/980/425 618/982/427 591/955/399
f 591/955/399 618/982/427 620/984/429 592/956/400
f 592/956/400 620/984/429 622/986/431 594/958/402
f 594/958/402 622/986/431 624/988/433 593/957/401
f 593/957/401 624/988/433 626/990/435 595/959/403
f 595/959/403 626/990/435 628/992/438 596/960/404
f 596/960/404 628/992/438 630/994/440 598/962/406
f 598/962/406 630/994/440 632/996/442 597/961/405
f 597/961/405 632/996/442 634/998/444 599/963/407
f 599/963/407 634/998/444 636/1000/446 586/950/394
f 586/950/394 636/1000/446 601/965/409 600/964/408
f 637/1001/447 638/1002/448 639/1003/448 640/1004/449
f 638/1002/448 641/1005/450 642/1006/450 639/1003/448
f 641/1005/450 643/1007/451 644/1008/451 642/1006/450
f 643/1007/451 645/1009/28 646/1010/28 644/1008/451
f 645/1009/28 647/1011/452 648/1012/452 646/1010/28
f 647/1011/452 649/1013/453 650/1014/453 648/1012/452
f 649/1013/453 651/1015/454 652/1016/454 650/1014/453
f 651/1015/454 653/1017/455 654/1018/455 652/1016/454
f 655/1019/456 656/1020/456 654/1018/455 653/1017/455
f 640/1004/457 639/1003/457 657/1021/457 658/1022/457
f 639/1003/457 642/1006/457 659/1023/457 657/1021/457
f 642/1006/457 644/1008/457 660/1024/457 659/1023/457
f 644/1008/457 646/1010/457 661/650/457 660/1024/457
f 646/1010/457 648/1012/457 662/653/457 661/650/457
f 648/1012/457 650/1014/457 663/1025/457 662/653/457
f 650/1014/457 652/1016/457 664/1026/457 663/1025/457
f 652/1016/457 654/1018/457 665/1027/457 664/1026/457
f 656/1020/457 666/1028/457 665/1027/457 654/1018/457
f 658/1022/449 657/1021/448 667/1029/448 668/1030/449
f 657/1021/448 659/1023/450 669/1031/458 667/1029/448
f 659/1023/450 660/1024/451 670/1032/451 669/1031/458
f 662/653/452 663/1025/453 671/1033/459 672/652/452
f 663/1025/453 664/1026/454 673/1034/454 671/1033/459
f 664/1026/454 665/1027/455 674/1035/460 673/1034/454
f 666/1028/456 675/1036/456 674/1035/455 665/1027/455
f 676/1037/449 677/1038/461 678/1039/462 679/1040/449
f 677/1038/461 680/1041/463 681/1042/464 678/1039/465
f 669/1031/458 670/1032/451 682/1043/466 683/1044/467
f 670/1032/451 684/651/28 685/1045/468 682/1043/466
f 684/651/28 672/652/452 686/1046/469 687/1047/470
f 672/652/452 671/1033/459 688/1048/471 686/1046/469
f 689/1049/472 690/1050/473 691/1051/474 692/1052/475
f 690/1050/473 693/1053/455 694/1054/455 691/1051/476
f 695/1055/456 696/1056/456 694/1054/455 693/1053/455
f 668/1030/477 667/1029/477 677/1038/477 676/1037/477
f 667/1029/457 669/1031/457 680/1041/457 677/1038/478
f 669/1031/479 683/1044/479 681/1042/479 680/1041/479
f 671/1033/480 673/1034/480 690/1050/480 689/1049/480
f 673/1034/481 674/1035/481 693/1053/481 690/1050/481
f 675/1036/482 695/1055/482 693/1053/482 674/1035/482
f 688/1048/483 671/1033/483 689/1049/483 692/1052/483
f 670/1032/451 660/1024/451 661/650/28 684/651/28
f 685/1045/484 684/651/484 687/1047/484
f 687/1057/485 697/1058/486 698/1059/487 685/1060/488
f 683/1061/457 682/1062/489 681/1063/457
f 688/1064/490 692/1065/491 686/1066/492
f 692/1065/493 699/1067/494 700/1068/495 686/1066/492
f 681/1063/496 682/1062/489 701/1069/497 702/1070/496
f 691/1071/476 703/1072/457 699/1067/457 692/1065/498
f 603/1073/411 602/1074/410 704/1075/37 705/1076/499
f 605/1077/413 603/1073/411 705/1076/499 706/1078/500
f 607/1079/415 605/1077/413 706/1078/500 707/1080/501
f 609/1081/417 607/1079/415 707/1080/501 708/1082/502
f 611/1083/420 609/1081/417 708/1082/502 709/1084/503
f 613/1085/422 611/1086/420 709/1087/503 710/1088/504
f 615/1089/424 613/1085/422 710/1088/504 711/1090/505
f 617/1091/426 615/1089/424 711/1090/505 712/1092/506
f 619/1093/428 617/1091/426 712/1092/506 713/1094/8
f 621/1095/430 619/1093/428 713/1094/9 714/1096/507
f 623/1097/432 621/1095/430 714/1096/507 715/1098/508
f 625/1099/434 623/1097/432 715/1098/508 716/1100/509
f 627/1101/436 625/1099/434 716/1100/509 717/1102/510
f 629/1103/439 627/1101/436 717/1102/510 718/1104/511
f 631/1105/441 629/1103/439 718/1104/511 719/1106/512
f 633/1107/443 631/1105/441 719/1106/512 720/1108/513
f 635/1109/445 633/1107/443 720/1108/513 721/1110/514
f 602/1074/410 635/1109/445 721/1110/514 704/1075/37
f 637/1001/449 640/1004/449 722/1111/515 723/1112/515
f 653/1113/516 651/1114/516 649/1115/516 645/1116/516
f 649/1115/516 647/1117/516 645/1116/516
f 645/1116/516 643/1118/516 641/1119/516 637/1120/516
f 641/1119/516 638/1121/516 637/1120/516
f 653/1113/516 645/1116/516 637/1120/516 723/1122/516
f 655/1123/516 653/1113/516 723/1122/516
f 722/1111/457 640/1004/457 658/1022/457 724/1124/457
f 658/1022/449 668/1030/449 725/1125/515 724/1124/515
f 676/1037/449 679/1040/449 726/1126/515 727/1127/515
f 725/1125/517 668/1030/517 676/1037/517 727/1127/517
f 682/1062/489 685/1060/488 698/1059/487 701/1069/497
f 697/1058/486 687/1057/485 686/1066/492 700/1068/495
f 678/1128/465 681/1063/464 702/1070/518 728/1129/519
f 679/1130/457 678/1128/462 728/1129/457 726/1131/457
f 703/1072/457 691/1071/476 694/1132/457 696/1133/457
f 661/650/28 662/653/452 672/652/452 684/651/28
f 729/1/520 730/4/520 731/3/521 732/2/521
f 733/5/522 734/8/523 735/7/524 736/6/522
f 737/9/525 738/12/525 739/11/526 740/10/526
f 741/16/95 742/18/95 743/17/95 744/15/95
f 744/15/8 745/14/8 746/13/8 741/16/8
f 747/19/8 741/16/8 746/13/8 748/20/8
f 749/21/527 750/24/528 751/23/528 752/22/527
f 753/25/327 749/21/527 752/22/527 754/26/327
f 755/27/525 753/25/327 754/26/327 756/28/525
f 29/29/13 757/32/529 758/31/529 30/30/13
f 759/35/530 760/38/531 761/37/531 762/36/532
f 763/39/533 759/35/532 762/36/532 764/40/534
f 765/41/535 763/39/534 764/40/534 766/42/535
f 767/43/536 768/46/537 769/45/537 770/44/536
f 771/50/8 772/51/8 773/49/8 774/47/8
f 773/49/9 775/48/9 774/47/9
f 776/52/8 771/50/8 774/47/8 777/53/8
f 778/54/25 776/52/25 777/53/25
f 771/50/8 776/52/8 56/56/8 55/55/8
f 778/54/8 779/58/8 780/57/8 776/52/8
f 747/19/8 776/52/8 780/57/8 741/16/8
f 781/64/26 782/63/26 783/60/26 779/58/26
f 784/62/8 785/61/8 786/59/8 783/60/8
f 786/59/8 780/57/8 779/58/8 783/60/8
f 787/65/26 781/64/26 779/58/26
f 788/66/538 789/69/82 790/68/82 791/67/539
f 792/70/540 793/73/82 794/72/82 795/71/541
f 796/74/542 788/66/539 791/67/539 797/75/542
f 739/76/543 796/74/543 797/75/543 740/77/543
f 798/78/544 792/70/541 795/71/545 799/79/544
f 800/80/546 798/80/546 799/80/546 801/80/546
f 802/87/37 803/86/37 804/84/37 805/81/37
f 804/84/547 806/85/547 807/83/547 805/81/547
f 807/83/41 808/82/41 805/81/41
f 809/88/37 802/87/37 805/81/37 810/89/37
f 742/18/95 741/16/95 780/57/95 786/59/95
f 777/53/95 787/65/95 779/58/95 778/54/95
f 811/90/37 812/93/37 813/92/37 814/91/37
f 814/91/38 813/92/38 815/95/38 816/94/38
f 816/94/39 815/95/39 817/97/39 818/96/39
f 818/96/35 817/97/35 819/99/35 820/98/35
f 820/98/37 819/99/37 821/101/37 822/100/37
f 822/100/37 821/101/37 823/103/37 824/102/37
f 824/102/37 823/103/37 825/105/37 826/104/37
f 826/104/41 825/105/41 827/107/41 828/106/41
f 828/106/36 827/107/36 829/109/36 830/108/36
f 830/108/35 829/109/35 831/111/35 832/110/35
f 832/110/40 831/111/40 833/113/40 834/112/40
f 834/112/38 833/113/38 835/115/38 836/114/38
f 836/114/35 835/115/35 837/117/35 838/116/35
f 838/116/37 837/117/37 839/119/37 840/118/37
f 840/118/37 839/119/37 841/121/37 842/120/37
f 842/120/548 841/121/548 843/123/548 844/122/548
f 844/122/39 843/123/39 845/125/39 846/124/39
f 846/124/37 845/125/37 847/127/37 848/126/37
f 127/128/37 848/126/37 847/127/37 128/129/37
f 849/130/549 811/133/549 814/132/550 850/131/550
f 850/131/550 814/132/550 816/135/551 851/134/551
f 851/134/551 816/135/552 818/137/553 852/136/554
f 852/136/553 818/137/553 820/139/555 853/138/555
f 853/138/555 820/139/555 822/141/75 854/140/76
f 854/140/75 822/141/75 824/143/77 855/142/77
f 855/142/77 824/143/78 826/145/79 856/144/79
f 856/144/79 826/145/79 828/147/80 857/146/80
f 857/146/80 828/147/80 830/149/82 858/148/82
f 858/148/82 830/149/82 832/151/83 859/150/83
f 859/150/83 832/151/83 834/153/84 860/152/84
f 860/152/84 834/153/84 836/155/85 861/154/85
f 861/154/85 836/155/85 838/157/86 862/156/86
f 862/156/86 838/157/87 840/159/556 863/158/556
f 863/158/556 840/159/556 842/161/557 864/160/558
f 864/160/558 842/161/557 844/163/559 865/162/559
f 865/162/559 844/163/559 846/165/560 866/164/560
f 866/164/560 846/165/560 848/167/561 867/166/561
f 148/168/13 867/166/561 848/167/561 127/169/13
f 868/170/562 847/173/562 845/172/563 869/171/563
f 869/171/563 845/172/563 843/175/564 870/174/564
f 870/174/564 843/175/564 841/177/565 871/176/565
f 871/176/565 841/177/565 839/179/566 872/178/566
f 872/178/566 839/179/566 837/181/50 809/180/50
f 809/180/50 837/181/51 835/183/52 802/182/52
f 802/182/52 835/183/53 833/185/54 803/184/54
f 803/184/54 833/185/54 831/187/55 804/186/55
f 804/186/55 831/187/55 829/151/28 806/188/28
f 806/188/28 829/151/28 827/190/56 807/189/56
f 807/189/56 827/190/56 825/192/57 808/191/57
f 808/191/57 825/192/57 823/194/58 805/193/58
f 805/193/58 823/194/58 821/196/60 810/195/60
f 810/195/60 821/196/567 819/198/568 873/197/568
f 873/197/568 819/198/568 817/200/569 874/199/569
f 874/199/569 817/200/570 815/202/571 875/201/572
f 875/201/571 815/202/572 813/204/573 876/203/573
f 876/203/573 813/204/573 812/206/574 877/205/575
f 159/207/13 877/205/574 812/206/575 160/208/13
f 746/13/8 878/210/8 879/209/8 748/20/8
f 771/50/8 880/212/8 881/211/8 772/51/8
f 772/51/8 881/211/8 882/213/8 773/49/8
f 773/49/8 882/213/8 883/214/8 775/48/8
f 775/48/9 883/214/9 884/215/9 774/47/9
f 774/47/9 884/215/9 885/216/9 777/53/9
f 777/53/8 885/216/8 787/65/8
f 787/65/9 885/216/9 886/217/9 781/64/9
f 781/64/8 886/217/8 887/218/8 782/63/8
f 782/63/8 887/218/8 888/219/8 783/60/8
f 783/60/8 888/219/8 889/220/8 784/62/8
f 784/62/8 889/220/8 890/221/8 785/61/8
f 785/61/96 890/221/96 891/222/96 786/59/96
f 786/59/199 891/222/199 742/18/199
f 742/18/95 891/222/95 892/223/95 743/17/95
f 743/17/95 892/223/95 893/224/95 744/15/95
f 744/15/277 893/224/277 894/225/277 745/14/277
f 745/14/8 894/225/8 878/210/8 746/13/8
f 867/226/37 895/229/37 750/228/37 866/227/37
f 862/230/37 896/232/37 861/231/37
f 855/233/548 897/235/548 854/234/548
f 751/23/576 750/24/576 898/237/577 899/236/577
f 900/241/8 901/240/8 902/238/8 903/239/8
f 878/210/8 903/239/8 902/238/8 879/209/8
f 187/242/25 879/209/25 902/238/25 188/243/25
f 904/244/578 730/4/520 729/1/520 905/245/578
f 898/237/577 904/244/579 905/245/579 899/236/577
f 906/246/580 907/249/581 908/248/582 909/247/583
f 910/250/584 911/253/585 912/252/586 913/251/586
f 755/27/525 756/28/525 914/255/282 915/254/282
f 916/256/587 917/259/587 918/258/588 919/257/588
f 920/260/589 921/261/589 917/259/587 916/256/587
f 922/262/590 923/263/590 921/261/589 920/260/591
f 924/264/592 925/265/593 735/7/523 734/8/523
f 926/266/594 927/267/595 925/265/593 924/264/592
f 767/43/536 770/44/536 927/267/596 926/266/594
f 928/268/597 929/271/597 930/270/318 931/269/318
f 932/272/539 933/273/539 794/72/82 793/73/598
f 934/274/321 935/277/321 936/276/82 937/275/599
f 938/278/600 939/279/600 933/273/539 932/272/539
f 915/254/543 914/255/543 939/279/543 938/278/543
f 940/280/320 941/281/601 935/277/321 934/274/321
f 931/269/602 930/270/602 941/281/320 940/280/320
f 919/257/82 918/258/82 942/283/603 943/282/603
f 943/282/603 942/283/603 944/285/604 945/284/604
f 922/262/590 946/288/590 947/287/325 948/286/325
f 949/289/605 950/291/605 951/290/586 913/251/586
f 952/292/606 953/293/606 950/291/607 949/289/608
f 928/268/597 954/294/597 953/293/606 952/292/606
f 955/295/322 956/297/609 957/296/82 937/275/82
f 958/298/323 959/299/610 956/297/322 955/295/322
f 948/300/611 947/301/611 959/299/323 958/298/323
f 960/302/520 961/303/520 758/31/612 757/32/612
f 962/304/613 963/305/613 761/37/531 760/38/531
f 964/306/527 965/309/527 966/308/528 967/307/528
f 968/310/327 969/311/327 965/309/527 964/306/614
f 738/12/525 737/9/615 969/311/327 968/310/327
f 765/41/535 766/42/535 970/313/616 971/312/616
f 972/314/541 973/315/541 790/68/82 789/69/617
f 974/316/618 975/317/618 973/315/541 972/314/541
f 976/318/619 977/319/619 975/317/619 974/316/619
f 967/307/576 966/308/576 978/321/577 979/320/577
f 980/322/620 981/323/620 961/303/520 960/302/520
f 979/320/577 978/321/577 981/323/579 980/322/579
f 866/227/37 750/228/37 749/325/37 865/324/37
f 865/324/37 749/325/37 753/327/37 864/326/37
f 864/326/37 753/327/37 755/329/37 863/328/37
f 755/329/37 915/330/37 896/232/37 863/328/37
f 863/328/37 896/232/37 862/230/37
f 896/232/41 915/330/41 938/332/41 861/231/41
f 938/332/37 860/331/37 861/231/37
f 860/331/37 938/332/37 932/334/37 859/333/37
f 859/333/37 932/334/37 793/336/37 858/335/37
f 858/335/37 793/336/37 792/338/37 857/337/37
f 857/337/37 792/338/37 798/340/37 856/339/37
f 798/340/37 800/341/37 897/235/37 856/339/37
f 856/339/621 897/235/621 855/233/621
f 897/235/37 800/341/37 982/343/37 854/234/37
f 982/343/37 853/342/37 854/234/37
f 853/342/37 982/343/37 983/345/37 852/344/37
f 852/344/37 983/345/37 984/347/37 851/346/37
f 851/346/37 984/347/37 985/349/37 850/348/37
f 850/348/37 985/349/37 986/351/37 849/350/37
f 849/350/37 986/351/37 273/353/37 272/352/37
f 904/354/37 898/356/37 750/228/37 730/355/37
f 907/357/8 729/360/8 732/359/8 908/358/8
f 274/361/26 908/358/26 732/359/26 275/362/26
f 911/363/8 987/366/8 988/365/8 912/364/8
f 912/364/8 988/365/8 989/368/8 990/367/8
f 990/367/95 989/368/95 991/370/95 992/369/95
f 992/369/95 991/370/95 993/372/95 929/371/95
f 929/371/95 993/372/95 801/374/95 930/373/95
f 930/373/622 801/374/622 799/376/622 941/375/622
f 941/375/8 799/376/8 795/378/8 935/377/8
f 935/377/8 795/378/8 794/380/8 936/379/8
f 936/379/8 794/380/8 933/382/8 994/381/8
f 994/381/26 933/382/26 939/384/26 995/383/26
f 995/383/95 939/384/95 914/386/95 996/385/95
f 996/387/8 914/390/8 756/389/8 923/388/8
f 923/388/95 756/389/95 754/392/95 921/391/95
f 921/391/95 754/392/95 752/394/95 917/393/95
f 917/393/8 752/394/8 751/396/8 918/395/8
f 918/395/9 751/396/9 899/398/9 942/397/9
f 942/397/8 899/398/8 905/400/8 944/399/8
f 944/399/8 905/400/8 729/360/8 907/357/8
f 997/401/8 998/404/8 999/403/8 1000/402/8
f 1000/402/8 999/403/8 1001/406/8 1002/405/8
f 1002/405/199 1001/406/199 1003/408/199 1004/407/199
f 1004/407/95 1003/408/95 1005/410/95 1006/409/95
f 1006/409/8 1005/410/8 976/412/8 1007/411/8
f 1007/413/25 976/416/25 974/415/25 1008/414/25
f 1008/414/8 974/415/8 972/418/8 1009/417/8
f 1009/417/8 972/418/8 789/420/8 1010/419/8
f 1010/419/8 789/420/8 788/422/8 1011/421/8
f 1011/421/95 788/422/95 796/424/95 1012/423/95
f 1012/423/95 796/424/95 739/426/95 1013/425/95
f 1013/425/8 739/426/8 738/428/8 1014/427/8
f 1014/427/8 738/428/8 968/430/8 1015/429/8
f 1015/429/96 968/430/96 964/432/96 1016/431/96
f 1016/431/25 964/432/25 967/434/25 1017/433/25
f 1017/433/8 967/434/8 979/436/8 1018/435/8
f 1018/435/8 979/436/8 980/438/8 1019/437/8
f 1019/437/8 980/438/8 960/440/8 1020/439/8
f 1020/439/8 960/440/8 757/442/8 1021/441/8
f 946/443/37 737/443/37 740/443/37 947/443/37
f 947/444/37 740/444/37 797/444/37 959/444/37
f 959/444/37 797/444/37 791/444/37 956/444/37
f 956/444/37 791/444/37 790/444/37 957/444/37
f 957/444/37 790/444/37 973/444/37 1022/444/37
f 1022/444/36 973/444/36 975/444/36 1023/444/36
f 1023/444/38 975/444/38 977/444/38 1024/444/38
f 1024/445/36 977/445/36 1025/445/36 954/445/36
f 954/445/37 1025/445/37 1026/445/37 953/445/37
f 953/445/37 1026/445/37 1027/445/37 950/445/37
f 950/445/37 1027/445/37 1028/445/37 951/445/37
f 951/446/37 1028/446/37 1029/446/37 1030/446/37
f 1030/446/38 1029/446/38 321/446/38 320/446/38
f 1031/443/37 758/443/37 961/443/37 1032/443/37
f 1032/443/36 961/443/36 981/443/36 1033/443/36
f 1033/443/37 981/443/37 978/443/37 1034/443/37
f 1034/443/42 978/443/42 966/443/42 1035/443/42
f 1035/443/38 966/443/38 965/443/38 1036/443/38
f 1036/443/37 965/443/37 969/443/37 1037/443/37
f 1037/443/37 969/443/37 737/443/37 946/443/37
f 877/447/37 1038/450/37 1039/449/37 876/448/37
f 1040/451/37 874/454/37 875/453/37 1041/452/37
f 873/455/37 1042/457/37 1043/456/37 810/89/37
f 810/89/37 1043/456/37 1044/458/37 809/88/37
f 809/88/37 1044/458/37 1045/460/37 872/459/37
f 870/461/37 871/464/37 1046/463/37 1047/462/37
f 869/465/37 1048/468/37 1049/467/37 868/466/37
f 341/469/37 868/466/37 1049/467/37 342/470/37
f 869/465/37 870/461/37 1047/462/37 1048/468/37
f 1046/463/37 871/464/37 872/459/37 1045/460/37
f 873/455/37 874/454/37 1040/451/37 1042/457/37
f 1041/452/37 875/453/37 876/448/37 1039/449/37
f 1038/471/13 1050/474/13 1051/473/623 1039/472/623
f 1039/472/623 1051/473/623 1052/476/624 1041/475/624
f 1041/475/624 1052/476/624 1053/478/625 1040/477/625
f 1040/477/625 1053/478/625 1054/480/626 1042/479/626
f 1042/479/626 1054/480/626 1055/482/28 1043/481/28
f 1043/481/28 1055/482/28 1056/484/28 1044/483/28
f 1044/483/28 1056/484/28 1057/486/627 1045/485/627
f 1045/485/627 1057/486/627 1058/488/628 1046/487/628
f 1046/487/628 1058/488/628 1059/490/629 1047/489/629
f 1047/489/629 1059/490/629 1060/492/630 1048/491/630
f 1048/491/630 1060/492/630 1061/494/162 1049/493/162
f 1050/495/37 1062/498/37 1063/497/37 1051/496/37
f 1051/496/37 1063/497/37 1064/500/37 1052/499/37
f 1052/499/37 1064/500/37 1065/502/37 1053/501/37
f 1053/501/37 1065/502/37 1066/504/37 1054/503/37
f 1054/503/37 1066/504/37 1067/506/37 1055/505/37
f 1055/505/37 1067/506/37 1068/508/37 1056/507/37
f 1056/507/37 1068/508/37 1069/510/37 1057/509/37
f 1057/509/37 1069/510/37 1070/512/37 1058/511/37
f 1058/511/37 1070/512/37 1071/514/37 1059/513/37
f 1059/513/37 1071/514/37 1072/516/37 1060/515/37
f 1060/515/37 1072/516/37 1073/518/37 1061/517/37
f 1063/519/631 1062/522/632 1074/521/632 1075/520/633
f 1064/523/634 1063/519/633 1075/520/633 1076/524/634
f 1065/525/635 1064/523/634 1076/524/634 1077/526/635
f 1066/527/595 1065/525/635 1077/526/636 1078/528/595
f 1067/529/637 1066/527/595 1078/528/595 1079/530/637
f 1068/531/638 1067/529/637 1079/530/637 1080/532/639
f 1069/533/640 1068/531/639 1080/532/639 1081/534/640
f 1070/535/641 1069/533/640 1081/534/640 1082/536/641
f 1071/537/642 1070/535/641 1082/536/641 1083/538/642
f 1072/539/643 1071/537/642 1083/538/642 1084/540/644
f 1073/541/645 1072/539/643 1084/540/644 1085/542/645
f 1090/547/649 1091/548/649 1087/546/646 1086/543/646
f 1094/551/652 1095/552/652 1093/550/650 1092/549/651
f 1096/553/653 1097/554/654 1095/552/652 1094/551/652
f 1098/555/655 1099/556/655 1097/554/654 1096/553/653
f 1100/557/656 1101/558/656 1099/556/655 1098/555/655
f 1102/559/657 1103/560/657 1101/558/656 1100/557/656
f 1106/563/659 1107/564/659 1105/562/658 1104/561/658
f 1108/565/660 1109/566/661 1107/564/659 1106/563/659
f 1110/567/633 1111/570/632 1112/569/632 1113/568/633
f 1114/571/634 1110/567/633 1113/568/633 1115/572/634
f 1116/573/636 1114/571/634 1115/572/634 1117/574/635
f 1118/575/596 1116/573/635 1117/574/636 1119/576/595
f 1120/577/637 1118/575/595 1119/576/595 1121/578/637
f 1122/579/639 1120/577/637 1121/578/637 1123/580/639
f 1124/581/640 1122/579/639 1123/580/639 1125/582/640
f 1126/583/641 1124/581/640 1125/582/640 1127/584/641
f 1128/585/642 1126/583/641 1127/584/641 1129/586/642
f 1130/587/643 1128/585/642 1129/586/642 1131/588/643
f 1132/589/645 1130/587/643 1131/588/643 1133/590/662
f 1074/521/37 1111/570/37 1110/567/37 1075/520/37
f 1075/520/37 1110/567/37 1114/571/37 1076/524/37
f 1076/524/42 1114/571/42 1116/573/42 1077/526/42
f 1077/526/663 1116/573/663 1118/575/663 1078/528/663
f 1078/528/35 1118/575/35 1120/577/35 1079/530/35
f 1079/530/35 1120/577/35 1122/579/35 1080/532/35
f 1080/532/35 1122/579/35 1124/581/35 1081/534/35
f 1081/534/548 1124/581/548 1126/583/548 1082/536/548
f 1082/536/40 1126/583/40 1128/585/40 1083/538/40
f 1083/538/37 1128/585/37 1130/587/37 1084/540/37
f 1084/540/39 1130/587/39 1132/589/39 1085/542/39
f 427/591/37 1085/542/37 1132/589/37 428/592/37
f 1109/566/26 1133/590/26 1131/588/26 1107/564/26
f 1107/564/96 1131/588/96 1129/586/96 1105/562/96
f 1105/562/97 1129/586/97 1127/584/97 1103/560/97
f 1103/560/97 1127/584/97 1125/582/97 1101/558/97
f 1101/558/664 1125/582/664 1123/580/664 1099/556/664
f 1099/556/665 1123/580/665 1121/578/665 1097/554/665
f 1097/554/9 1121/578/9 1119/576/9 1095/552/9
f 1095/552/8 1119/576/8 1117/574/8 1093/550/8
f 1093/550/666 1117/574/666 1115/572/666 1091/548/666
f 1091/548/8 1115/572/8 1113/568/8 1087/546/8
f 1087/546/8 1113/568/8 1112/569/8 1088/545/8
f 1032/631/696 1158/634/697 1159/633/698 1031/632/699
f 1030/635/584 910/250/584 913/251/586 951/290/586
f 1036/636/587 916/256/587 919/257/588 1035/637/588
f 1037/638/589 920/260/591 916/256/587 1036/636/587
f 946/288/590 922/262/590 920/260/589 1037/638/589
f 954/294/597 928/268/597 931/269/318 1024/639/318
f 1022/640/321 934/274/700 937/275/82 957/296/82
f 1023/641/320 940/280/701 934/274/321 1022/640/321
f 1024/639/602 931/269/602 940/280/320 1023/641/320
f 1035/637/82 919/257/82 943/282/603 1034/642/603
f 1034/642/603 943/282/603 945/284/604 1033/643/604
f 923/263/590 922/262/590 948/286/325 996/644/325
f 990/645/605 949/289/605 913/251/586 912/252/586
f 992/646/606 952/292/606 949/289/605 990/645/608
f 929/271/597 928/268/597 952/292/606 992/646/606
f 994/647/322 955/295/322 937/275/82 936/276/82
f 995/648/323 958/298/323 955/295/322 994/647/322
f 996/649/611 948/300/611 958/298/323 995/648/323
f 1160/654/242 1161/656/243 1162/655/243 1163/669/37
f 496/700/702 458/703/28 469/665/703
f 1164/657/244 1165/660/245 1166/659/245 1167/658/244
f 465/661/244 1167/658/244 1166/659/245 466/662/245
f 1168/663/704 1169/666/705 1170/665/706 1171/664/707
f 1168/663/708 1171/664/709 1173/667/710
f 1170/670/254 1174/671/254 1160/654/242 1163/669/255
f 1175/672/256 1167/658/244 465/661/244 475/673/256
f 1175/672/256 1173/674/256 1164/657/244 1167/658/244
f 1169/666/705 1176/676/711 906/675/712
f 1176/677/713 1177/678/713 945/284/713
f 1173/667/714 1172/668/710 1168/663/715
f 1177/678/716 1178/679/716 945/284/716
f 1169/680/261 1179/681/355 1174/671/254 1170/670/254
f 906/246/580 909/247/583 1179/681/717 1169/680/718
f 1180/682/265 1175/672/256 475/673/256 481/683/265
f 1159/633/266 1180/682/265 481/683/265 482/684/266
f 1180/682/265 1172/685/719 1173/674/256 1175/672/256
f 1159/633/720 1158/634/697 1172/685/721 1180/682/722
f 1181/686/270 1182/689/270 1183/688/13 1184/687/13
f 1185/690/271 1186/691/271 1184/687/13 1183/688/13
f 1187/692/273 1188/693/272 1182/689/270 1181/686/270
f 1162/655/243 1161/656/243 1188/693/273 1187/692/273
f 1189/694/275 1190/695/274 1186/691/271 1185/690/271
f 1166/659/245 1165/660/245 1190/695/275 1189/694/275
f 1189/694/275 1185/690/271 494/697/271 493/696/275
f 1166/659/245 1189/694/275 493/696/275 466/662/245
f 1165/698/82 1164/701/82 1191/700/82 1192/699/82
f 1192/699/82 1191/700/82 1163/703/82 1162/702/82
f 1190/704/82 1165/698/82 1192/699/82 1193/705/82
f 1192/699/82 1162/702/82 1187/706/82 1193/705/82
f 1190/704/82 1193/705/82 1184/708/82 1186/707/82
f 1193/705/82 1187/706/82 1181/709/82 1184/708/82
f 801/710/723 769/713/723 768/712/723 800/711/723
f 998/404/8 1194/715/8 1195/714/8 999/403/8
f 999/403/26 1195/714/26 1196/716/26 1001/406/26
f 1001/406/98 1196/716/98 1197/717/98 1003/408/98
f 1003/408/8 1197/717/8 1198/718/8 1005/410/8
f 1005/410/8 1198/718/8 1199/719/8 976/412/8
f 976/720/724 1199/723/725 1200/722/726 977/721/724
f 1025/724/727 977/721/728 801/710/728 993/725/727
f 993/725/727 991/727/729 1026/726/729 1025/724/727
f 1027/728/730 1026/726/729 991/727/729 989/729/731
f 989/729/730 988/731/732 1028/730/732 1027/728/731
f 988/731/732 987/733/733 1029/732/733 1028/730/732
f 321/734/13 1029/732/733 987/733/733 505/735/13
f 1202/738/523 1201/737/522 736/6/522 735/7/523
f 735/7/523 925/265/593 1203/739/734 1202/738/523
f 1204/740/735 1205/743/735 1206/742/735 1207/741/735
f 927/267/736 770/44/536 1208/745/536 1209/744/737
f 977/721/738 1200/722/726 769/713/738 801/710/738
f 770/44/536 769/45/537 1200/746/537 1208/745/536
f 982/747/727 800/750/728 1210/749/728 1211/748/739
f 983/751/729 982/747/727 1211/748/739 1212/752/740
f 984/753/730 983/751/729 1212/752/740 1213/754/741
f 985/755/732 984/753/731 1213/754/741 1214/756/742
f 986/757/733 985/755/732 1214/756/742 1215/758/743
f 273/759/13 986/757/733 1215/758/743 522/760/13
f 733/5/522 1216/762/744 1217/761/586 734/8/523
f 734/8/523 1217/761/586 1218/763/745 924/264/592
f 924/264/592 1218/763/745 1219/764/746 926/266/594
f 926/266/594 1219/764/746 1220/765/747 767/43/536
f 767/43/536 1220/765/747 1221/766/537 768/46/537
f 800/711/748 768/712/748 1221/768/748 1210/767/748
f 1217/769/304 1216/772/304 1215/771/304 1214/770/304
f 1219/773/305 1218/776/305 1213/775/305 1212/774/305
f 1218/776/305 1217/769/305 1214/770/305 1213/775/305
f 1220/777/305 1219/773/305 1212/774/305 1211/778/305
f 1221/779/305 1220/777/305 1211/778/305 1210/780/305
f 1194/715/8 962/782/8 760/781/8 1195/714/8
f 1195/714/25 760/781/25 759/783/25 1196/716/25
f 1196/716/8 759/783/8 763/784/8 1197/717/8
f 1197/717/8 763/784/8 765/785/8 1198/718/8
f 1198/718/8 765/785/8 971/786/8 1199/719/8
f 1199/723/725 971/788/749 970/787/749 1200/722/726
f 1200/789/37 970/792/37 766/791/37 1208/790/37
f 1208/790/35 766/791/35 764/794/35 1209/793/35
f 1209/793/37 764/794/37 762/796/37 1203/795/37
f 1203/795/37 762/796/37 761/798/37 1202/797/37
f 1202/797/39 761/798/39 963/800/39 1201/799/39
f 927/267/199 1207/741/199 1206/742/199 925/265/199
f 925/265/750 1206/742/750 1205/743/750 1203/739/750
f 1203/795/37 1205/802/37 1204/801/37 1209/793/37
f 1209/744/751 1204/740/751 1207/741/751 927/267/751
f 1021/803/162 902/806/162 901/805/752 1020/804/752
f 1020/804/752 901/805/752 900/808/753 1019/807/753
f 1019/807/754 900/808/754 903/810/755 1018/809/755
f 1018/809/755 903/810/755 878/812/28 1017/811/28
f 1017/811/756 878/812/756 894/814/757 1016/813/757
f 1016/813/757 894/814/757 893/816/758 1015/815/759
f 1015/815/758 893/816/758 892/818/760 1014/817/760
f 1014/817/760 892/818/760 891/820/122 1013/819/122
f 1013/819/761 891/820/761 890/822/125 1012/821/125
f 1012/821/125 890/822/125 889/824/123 1011/823/123
f 1011/823/123 889/824/123 888/826/28 1010/825/28
f 1010/825/28 888/826/28 887/828/137 1009/827/137
f 1009/827/137 887/828/137 886/830/139 1008/829/139
f 1008/829/139 886/830/139 885/832/762 1007/831/762
f 1007/831/131 885/832/131 884/834/763 1006/833/763
f 1006/833/763 884/834/764 883/836/12 1004/835/12
f 1004/835/12 883/836/12 882/838/765 1002/837/765
f 1002/837/765 882/838/765 881/840/766 1000/839/766
f 1000/839/766 881/840/766 880/842/767 997/841/768
f 730/355/37 750/228/37 895/229/37 731/843/37
f 1164/701/769 1173/667/770 1171/664/707 1191/700/771
f 1158/845/772 1178/844/773 1172/668/774
f 1171/664/707 1170/665/706 1191/700/775
f 1176/676/711 1169/666/705 1168/663/715 1177/846/776
f 1177/846/776 1168/663/715 1172/668/774 1178/844/773
f 1176/677/777 945/284/777 906/847/580
f 945/284/778 1178/679/778 1158/848/697
f 907/849/581 906/847/580 945/284/777 944/285/777
f 1033/643/777 945/284/777 1158/848/697 1032/168/696
f 811/133/549 849/130/549 272/851/162 529/850/162
f 847/173/562 868/170/562 341/852/162 128/169/162
f 867/226/37 148/854/37 530/853/37 895/229/37
f 732/2/521 731/3/521 531/856/345 275/855/345
f 910/250/585 533/858/162 532/857/162 911/253/585
f 731/843/37 895/229/37 530/853/37 531/859/37
f 911/363/26 532/861/26 505/860/26 987/366/26
f 997/401/26 535/863/26 534/862/26 998/404/26
f 1038/450/37 877/447/37 159/865/37 536/864/37
f 1050/474/13 1038/471/13 536/867/13 537/866/13
f 1062/498/37 1050/495/37 537/869/37 538/868/37
f 1109/566/661 1108/565/660 540/871/346 539/870/346
f 1132/589/662 1133/590/645 541/872/13 428/592/13
f 1111/570/37 1074/521/37 543/874/37 542/873/37
f 1133/590/8 1109/566/8 539/870/8 541/872/8
f 909/247/347 908/248/779 274/876/13 544/875/347
f 1030/635/585 320/877/162 533/858/162 910/250/584
f 1161/656/243 1160/654/242 546/879/242 545/878/243
f 1182/689/270 1188/693/273 548/881/273 547/880/270
f 998/404/8 534/862/8 549/882/8 1194/715/8
f 1215/771/349 1216/772/349 550/885/349 522/884/349
f 747/19/8 748/20/8 552/887/8 551/886/8
f 812/93/39 811/90/39 529/889/39 160/888/39
f 771/50/8 55/55/8 553/890/8 880/212/8
f 1031/632/780 1159/633/720 482/684/266 554/891/13
f 963/305/613 962/304/613 556/893/162 555/892/162
f 758/443/39 1031/443/39 554/443/39 30/443/39
f 1074/521/632 1062/522/632 538/894/781 543/874/781
f 1160/654/242 1174/671/254 560/898/254 546/879/242
f 1174/671/254 1179/681/717 561/899/354 560/898/254
f 1179/681/355 909/247/583 544/875/347 561/899/354
f 1183/688/13 1182/689/270 547/880/356 562/900/13
f 1188/693/357 1161/656/243 545/878/243 548/881/273
f 1194/715/26 549/882/26 556/901/26 962/782/26
f 902/806/162 1021/803/162 563/903/162 188/902/162
f 747/19/8 551/886/8 56/56/8 776/52/8
f 187/242/26 552/887/26 748/20/26 879/209/26
f 757/442/26 29/932/26 563/931/26 1021/441/26
f 1061/494/162 578/78/162 342/933/162 1049/493/162
f 1073/518/37 579/935/37 578/934/37 1061/517/37
f 1085/542/645 427/591/386 579/936/386 1073/541/645
f 1111/570/632 542/873/162 581/939/162 1112/569/632
f 1112/569/8 581/939/8 580/938/8 1088/545/8
f 1183/688/13 562/900/13 494/697/271 1185/690/388
f 880/842/768 553/944/13 535/943/13 997/841/767
f 1234/950/809 1235/963/810 1236/961/811 1237/949/812
f 1236/961/811 1238/962/813 1239/960/814 1240/957/815
f 1239/960/814 1241/959/816 1240/957/815
f 1240/957/815 1242/958/817 1243/956/818 1244/953/819
f 1243/956/818 1245/955/820 1244/953/819
f 1236/961/811 1240/957/815 1244/953/819 1237/949/812
f 1244/953/819 1246/954/821 1247/952/822 1237/949/812
f 1247/952/822 1248/951/823 1237/949/812
f 1237/949/812 1249/948/824 1250/947/825 1234/950/809
f 1251/964/826 1234/950/809 1250/947/825
f 1252/965/827 1253/968/828 1254/967/829 1255/966/830
f 1253/968/828 1256/970/831 1257/969/832 1254/967/829
f 1256/970/831 1258/972/833 1259/971/834 1257/969/832
f 1258/972/833 1260/974/835 1261/973/836 1259/971/834
f 1260/974/835 1262/976/837 1263/975/838 1261/973/836
f 1262/976/837 1264/978/839 1265/977/840 1263/975/838
f 1264/978/839 1266/980/841 1267/979/842 1265/977/840
f 1266/980/841 1268/982/843 1269/981/844 1267/979/842
f 1268/982/843 1270/984/845 1271/983/846 1269/981/844
f 1270/984/845 1272/986/847 1273/985/848 1271/983/846
f 1272/986/847 1274/988/849 1275/987/850 1273/985/848
f 1274/988/849 1276/990/851 1277/989/852 1275/987/850
f 1276/990/851 1278/992/853 1279/991/854 1277/989/852
f 1278/992/855 1280/994/856 1281/993/857 1279/991/854
f 1280/994/856 1282/996/858 1283/995/859 1281/993/857
f 1282/996/858 1284/998/860 1285/997/861 1283/995/859
f 1284/998/860 1286/1000/862 1287/999/863 1285/997/861
f 1286/1000/862 1252/965/827 1255/966/830 1287/999/863
f 1251/964/826 1250/947/825 1253/968/828 1252/965/827
f 1250/947/825 1249/948/824 1256/970/831 1253/968/828
f 1249/948/824 1237/949/812 1258/972/833 1256/970/831
f 1237/949/812 1248/951/823 1260/974/835 1258/972/833
f 1248/951/823 1247/952/822 1262/976/837 1260/974/835
f 1247/952/822 1246/954/821 1264/978/839 1262/976/837
f 1246/954/821 1244/953/819 1266/980/841 1264/978/839
f 1244/953/819 1245/955/820 1268/982/843 1266/980/841
f 1245/955/820 1243/956/818 1270/984/845 1268/982/843
f 1243/956/818 1242/958/817 1272/986/847 1270/984/845
f 1242/958/817 1240/957/815 1274/988/849 1272/986/847
f 1240/957/815 1241/959/816 1276/990/851 1274/988/849
f 1241/959/816 1239/960/814 1278/992/855 1276/990/851
f 1239/960/814 1238/962/813 1280/994/856 1278/992/855
f 1238/962/813 1236/961/811 1282/996/858 1280/994/856
f 1236/961/811 1235/963/810 1284/998/860 1282/996/858
f 1235/963/810 1234/950/809 1286/1000/862 1284/998/860
f 1234/950/809 1251/964/826 1252/965/827 1286/1000/862
f 1288/1001/864 1289/1004/865 1290/1003/866 1291/1002/866
f 1291/1002/866 1290/1003/866 1292/1006/867 1293/1005/867
f 1293/1005/867 1292/1006/867 1294/1008/868 1295/1007/868
f 1295/1007/868 1294/1008/868 1296/1010/82 1297/1009/82
f 1297/1009/82 1296/1010/82 1298/1012/241 1299/1011/241
f 1299/1011/241 1298/1012/241 1300/1014/869 1301/1013/869
f 1301/1013/869 1300/1014/869 1302/1016/870 1303/1015/870
f 1303/1015/870 1302/1016/870 1304/1018/871 1305/1017/871
f 655/1019/456 1305/1017/871 1304/1018/871 656/1020/456
f 1289/1004/457 1306/1022/457 1307/1021/457 1290/1003/457
f 1290/1003/457 1307/1021/457 1308/1023/457 1292/1006/457
f 1292/1006/457 1308/1023/457 1309/1024/457 1294/1008/457
f 1294/1008/457 1309/1024/457 1310/650/457 1296/1010/457
f 1296/1010/457 1310/650/457 1311/653/457 1298/1012/457
f 1298/1012/457 1311/653/457 1312/1025/457 1300/1014/457
f 1300/1014/457 1312/1025/457 1313/1026/457 1302/1016/457
f 1302/1016/457 1313/1026/457 1314/1027/457 1304/1018/457
f 656/1020/457 1304/1018/457 1314/1027/457 666/1028/457
f 1306/1022/864 1315/1030/864 1316/1029/866 1307/1021/866
f 1307/1021/866 1316/1029/866 1317/1031/872 1308/1023/867
f 1308/1023/867 1317/1031/872 1318/1032/868 1309/1024/868
f 1311/653/241 1319/652/241 1320/1033/873 1312/1025/869
f 1312/1025/869 1320/1033/873 1321/1034/870 1313/1026/870
f 1313/1026/870 1321/1034/870 1322/1035/871 1314/1027/874
f 666/1028/456 1314/1027/871 1322/1035/871 675/1036/456
f 1323/1037/864 1324/1040/864 1325/1039/875 1326/1038/876
f 1326/1038/876 1325/1039/877 1327/1042/878 1328/1041/879
f 1317/1031/872 1329/1044/880 1330/1043/881 1318/1032/868
f 1318/1032/868 1330/1043/881 1331/1045/882 1332/651/82
f 1332/651/82 1333/1047/883 1334/1046/884 1319/652/241
f 1319/652/241 1334/1046/884 1335/1048/885 1320/1033/873
f 1336/1049/886 1337/1052/887 1338/1051/888 1339/1050/889
f 1339/1050/889 1338/1051/890 1340/1054/871 1341/1053/871
f 695/1055/456 1341/1053/871 1340/1054/871 696/1056/456
f 1315/1030/891 1323/1037/891 1326/1038/891 1316/1029/891
f 1316/1029/892 1326/1038/892 1328/1041/892 1317/1031/893
f 1317/1031/894 1328/1041/894 1327/1042/894 1329/1044/894
f 1320/1033/895 1336/1049/895 1339/1050/895 1321/1034/895
f 1321/1034/896 1339/1050/896 1341/1053/896 1322/1035/896
f 675/1036/482 1322/1035/482 1341/1053/482 695/1055/482
f 1335/1048/897 1337/1052/897 1336/1049/897 1320/1033/897
f 1318/1032/868 1332/651/82 1310/650/82 1309/1024/868
f 1331/1045/898 1333/1047/898 1332/651/898
f 1333/1057/485 1331/1060/488 698/1059/487 697/1058/486
f 1329/1061/457 1327/1063/457 1330/1062/489
f 1335/1064/899 1334/1066/900 1337/1065/901
f 1337/1065/902 1334/1066/900 700/1068/495 699/1067/494
f 1327/1063/903 702/1070/903 701/1069/497 1330/1062/489
f 1338/1071/890 1337/1065/904 699/1067/457 703/1072/457
f 1254/1073/829 705/1076/499 704/1075/37 1255/1074/830
f 1257/1077/832 706/1078/500 705/1076/499 1254/1073/829
f 1259/1079/834 707/1080/501 706/1078/500 1257/1077/832
f 1261/1081/836 708/1082/502 707/1080/501 1259/1079/834
f 1263/1083/838 709/1084/503 708/1082/502 1261/1081/836
f 1265/1085/840 710/1088/504 709/1087/503 1263/1086/838
f 1267/1089/842 711/1090/505 710/1088/504 1265/1085/840
f 1269/1091/844 712/1092/506 711/1090/505 1267/1089/842
f 1271/1093/846 713/1094/8 712/1092/506 1269/1091/844
f 1273/1095/848 714/1096/507 713/1094/8 1271/1093/846
f 1275/1097/850 715/1098/508 714/1096/507 1273/1095/848
f 1277/1099/852 716/1100/509 715/1098/508 1275/1097/850
f 1279/1101/854 717/1102/510 716/1100/509 1277/1099/852
f 1281/1103/857 718/1104/511 717/1102/510 1279/1101/854
f 1283/1105/859 719/1106/512 718/1104/511 1281/1103/857
f 1285/1107/861 720/1108/513 719/1106/512 1283/1105/859
f 1287/1109/863 721/1110/514 720/1108/513 1285/1107/861
f 1255/1074/830 704/1075/37 721/1110/514 1287/1109/863
f 1288/1001/864 723/1112/515 722/1111/515 1289/1004/864
f 1288/1120/516 1291/1121/516 1293/1119/516 1297/1116/516
f 1293/1119/516 1295/1118/516 1297/1116/516
f 1297/1116/516 1299/1117/516 1301/1115/516 1305/1113/516
f 1301/1115/516 1303/1114/516 1305/1113/516
f 1288/1120/516 1297/1116/516 1305/1113/516 723/1122/516
f 655/1123/516 723/1122/516 1305/1113/516
f 722/1111/457 724/1124/457 1306/1022/457 1289/1004/457
f 1306/1022/864 724/1124/515 725/1125/515 1315/1030/864
f 1323/1037/864 727/1127/515 726/1126/515 1324/1040/864
f 725/1125/517 727/1127/517 1323/1037/517 1315/1030/517
f 1330/1062/489 701/1069/497 698/1059/487 1331/1060/488
f 697/1058/486 700/1068/495 1334/1066/900 1333/1057/485
f 1325/1128/877 728/1129/519 702/1070/905 1327/1063/878
f 1324/1130/457 726/1131/457 728/1129/457 1325/1128/875
f 703/1072/457 696/1133/457 1340/1132/457 1338/1071/890
f 1191/700/906 1170/665/907 1163/703/82
usemtl Material.001
f 379/543/178 380/544/179 381/545/179 382/546/180
f 383/547/181 379/543/178 382/546/178 384/548/181
f 385/549/182 383/547/181 384/548/181 386/550/183
f 387/551/184 385/549/182 386/550/182 388/552/184
f 389/553/185 387/551/184 388/552/184 390/554/186
f 391/555/187 389/553/185 390/554/186 392/556/187
f 393/557/188 391/555/187 392/556/187 394/558/188
f 380/593/37 379/594/37 429/595/37 430/596/37
f 379/594/37 383/597/37 431/598/37 429/595/37
f 383/597/37 385/599/37 432/600/37 431/598/37
f 385/599/36 387/601/36 433/602/36 432/600/36
f 387/601/36 389/603/36 434/604/36 433/602/36
f 389/603/36 391/605/36 435/606/36 434/604/36
f 391/605/36 393/607/36 436/608/36 435/606/36
f 393/607/36 395/609/36 437/610/36 436/608/36
f 395/609/37 397/611/37 438/612/37 437/610/37
f 397/611/37 399/613/37 439/614/37 438/612/37
f 399/613/37 401/615/37 440/616/37 439/614/37
f 430/596/202 429/595/203 441/617/204 442/618/205
f 429/595/204 431/598/206 443/619/207 441/617/203
f 431/598/208 432/600/209 444/620/210 443/619/206
f 432/600/210 433/602/211 445/621/212 444/620/209
f 433/602/213 434/604/214 446/622/215 445/621/211
f 434/604/215 435/606/216 447/623/217 446/622/214
f 435/606/217 436/608/218 448/624/219 447/623/216
f 436/608/219 437/610/220 449/625/221 448/624/218
f 437/610/221 438/612/222 450/626/223 449/625/220
f 438/612/223 439/614/224 451/627/225 450/626/222
f 439/614/226 440/616/227 452/628/228 451/627/224
f 453/629/229 454/630/229 452/628/230 440/616/231
f 430/596/37 557/895/37 558/896/37 380/593/37
f 442/618/351 559/897/352 557/895/352 430/596/353
f 442/904/358 441/905/359 564/906/360 565/907/361
f 441/905/359 443/908/362 566/909/363 564/906/360
f 443/908/362 444/910/364 567/911/365 566/909/363
f 444/910/364 445/912/366 568/913/367 567/911/365
f 445/912/366 446/914/368 569/915/369 568/913/367
f 446/914/368 447/916/370 570/917/371 569/915/369
f 447/916/370 448/918/372 571/919/373 570/917/371
f 448/918/374 449/920/375 572/921/376 571/919/373
f 449/920/375 450/922/377 573/923/378 572/921/376
f 450/922/377 451/924/379 574/925/380 573/923/378
f 451/924/379 452/926/381 575/927/382 574/925/380
f 454/928/383 576/929/384 575/927/382 452/926/381
f 565/907/361 564/906/360 577/930/39
f 564/906/360 566/909/363 577/930/39
f 566/909/363 567/911/365 577/930/39
f 567/911/365 568/913/367 577/930/39
f 568/913/367 569/915/369 577/930/39
f 569/915/369 570/917/371 577/930/39
f 570/917/371 571/919/373 577/930/39
f 571/919/373 572/921/376 577/930/39
f 572/921/376 573/923/378 577/930/39
f 573/923/378 574/925/380 577/930/39
f 574/925/380 575/927/382 577/930/39
f 575/927/382 576/929/384 577/930/39
f 381/545/179 380/544/179 558/937/387 580/938/387
f 440/616/37 401/615/37 540/940/37 453/629/37
f 559/945/389 442/904/358 565/907/361 582/946/390
f 582/946/390 565/907/361 577/930/39
f 1086/543/646 1087/546/647 1088/545/648 1089/544/648
f 1092/549/650 1093/550/651 1091/548/649 1090/547/649
f 1104/561/658 1105/562/658 1103/560/657 1102/559/657
f 1089/593/37 1134/596/37 1135/595/37 1086/594/37
f 1086/594/37 1135/595/37 1136/598/37 1090/597/37
f 1090/597/37 1136/598/37 1137/600/37 1092/599/37
f 1092/599/35 1137/600/35 1138/602/35 1094/601/35
f 1094/601/35 1138/602/35 1139/604/35 1096/603/35
f 1096/603/35 1139/604/35 1140/606/35 1098/605/35
f 1098/605/35 1140/606/35 1141/608/35 1100/607/35
f 1100/607/35 1141/608/35 1142/610/35 1102/609/35
f 1102/609/37 1142/610/37 1143/612/37 1104/611/37
f 1104/611/37 1143/612/37 1144/614/37 1106/613/37
f 1106/613/37 1144/614/37 1145/616/37 1108/615/37
f 1134/596/667 1146/618/668 1147/617/669 1135/595/670
f 1135/595/669 1147/617/670 1148/619/671 1136/598/672
f 1136/598/671 1148/619/673 1149/620/674 1137/600/675
f 1137/600/674 1149/620/675 1150/621/676 1138/602/677
f 1138/602/676 1150/621/678 1151/622/679 1139/604/680
f 1139/604/679 1151/622/680 1152/623/681 1140/606/682
f 1140/606/681 1152/623/682 1153/624/683 1141/608/684
f 1141/608/683 1153/624/684 1154/625/685 1142/610/686
f 1142/610/685 1154/625/686 1155/626/687 1143/612/688
f 1143/612/687 1155/626/688 1156/627/689 1144/614/690
f 1144/614/689 1156/627/691 1157/628/692 1145/616/693
f 453/629/229 1145/616/694 1157/628/695 454/630/229
f 1134/596/37 1089/593/37 558/896/37 557/895/37
f 1146/618/782 1134/596/783 557/895/352 559/897/352
f 1146/904/784 1222/907/785 1223/906/786 1147/905/787
f 1147/905/787 1223/906/786 1224/909/788 1148/908/789
f 1148/908/789 1224/909/788 1225/911/790 1149/910/791
f 1149/910/791 1225/911/790 1226/913/792 1150/912/793
f 1150/912/793 1226/913/792 1227/915/794 1151/914/795
f 1151/914/795 1227/915/794 1228/917/796 1152/916/797
f 1152/916/797 1228/917/796 1229/919/798 1153/918/799
f 1153/918/800 1229/919/798 1230/921/801 1154/920/802
f 1154/920/802 1230/921/801 1231/923/803 1155/922/804
f 1155/922/804 1231/923/803 1232/925/805 1156/924/806
f 1156/924/806 1232/925/805 1233/927/807 1157/926/808
f 454/928/383 1157/926/808 1233/927/807 576/929/384
f 1222/907/785 577/930/39 1223/906/786
f 1223/906/786 577/930/39 1224/909/788
f 1224/909/788 577/930/39 1225/911/790
f 1225/911/790 577/930/39 1226/913/792
f 1226/913/792 577/930/39 1227/915/794
f 1227/915/794 577/930/39 1228/917/796
f 1228/917/796 577/930/39 1229/919/798
f 1229/919/798 577/930/39 1230/921/801
f 1230/921/801 577/930/39 1231/923/803
f 1231/923/803 577/930/39 1232/925/805
f 1232/925/805 577/930/39 1233/927/807
f 1233/927/807 577/930/39 576/929/384
f 1088/545/648 580/938/387 558/937/387 1089/544/648
f 1145/616/37 453/629/37 540/940/37 1108/615/37
f 559/945/389 582/946/390 1222/907/785 1146/904/784
f 582/946/390 577/930/39 1222/907/785
usemtl Material.002
f 33/33/15 34/34/15 6/6/3 5/5/3
f 34/34/162 506/736/162 507/737/3 6/6/3
f 524/762/297 550/883/162 33/33/162 5/5/3
f 555/941/39 248/800/39 507/799/39 506/942/39
f 33/33/15 733/5/522 736/6/522 34/34/15
f 34/34/162 736/6/522 1201/737/522 506/736/162
f 1216/762/744 733/5/522 33/33/162 550/883/162
f 555/941/39 506/942/39 1201/799/39 963/800/39
